sku;ad;dal;marka;aile_bugun;aile_yeni;slug_bugun;eski_ek_slug;slug_tr;slug_en;adres_tr;adres_en;uzunluk_tr;not
AVE-01801;AVenS 5 A HIZ ANAHTARI;speed-controllers;avens;avens-hiz-anahtarlari;avens-hiz-anahtarlari;avens-5-a-hiz-anahtari-01801;;avens-5a-hiz-anahtari;avens-5a-speed-controller;/tr/urun/avens-5a-hiz-anahtari-p-ave-01801;/en/products/avens-5a-speed-controller-p-ave-01801;21;
AVE-11560;QE-B I;bathroom-toilet-fans;avens;avens-qe-b-kasa;avens-qe-b-kasa-serisi;qe-b-i-11560;;avens-qe-b-i-banyo-fani;avens-qe-b-i-bathroom-fan;/tr/urun/avens-qe-b-i-banyo-fani-p-ave-11560;/en/products/avens-qe-b-i-bathroom-fan-p-ave-11560;23;specs-bos
AVE-11561;QE-B M;bathroom-toilet-fans;avens;avens-qe-b-kasa;avens-qe-b-kasa-serisi;qe-b-m-11561;;avens-qe-b-m-banyo-fani;avens-qe-b-m-bathroom-fan;/tr/urun/avens-qe-b-m-banyo-fani-p-ave-11561;/en/products/avens-qe-b-m-bathroom-fan-p-ave-11561;23;specs-bos
AVE-11562;QE-B I VK90;bathroom-toilet-fans;avens;avens-qe-b-kasa;avens-qe-b-kasa-serisi;qe-b-i-vk90-11562;;avens-qe-b-i-vk90-banyo-fani;avens-qe-b-i-vk90-bathroom-fan;/tr/urun/avens-qe-b-i-vk90-banyo-fani-p-ave-11562;/en/products/avens-qe-b-i-vk90-bathroom-fan-p-ave-11562;28;specs-bos
AVE-11563;QE-B M VK90;bathroom-toilet-fans;avens;avens-qe-b-kasa;avens-qe-b-kasa-serisi;qe-b-m-vk90-11563;;avens-qe-b-m-vk90-banyo-fani;avens-qe-b-m-vk90-bathroom-fan;/tr/urun/avens-qe-b-m-vk90-banyo-fani-p-ave-11563;/en/products/avens-qe-b-m-vk90-bathroom-fan-p-ave-11563;28;specs-bos
AVE-11564;QE-B I K90 R;bathroom-toilet-fans;avens;avens-qe-b-kasa;avens-qe-b-kasa-serisi;qe-b-i-k90-r-11564;;avens-qe-b-i-k90-r-banyo-fani;avens-qe-b-i-k90-r-bathroom-fan;/tr/urun/avens-qe-b-i-k90-r-banyo-fani-p-ave-11564;/en/products/avens-qe-b-i-k90-r-bathroom-fan-p-ave-11564;29;specs-bos
AVE-11565;QE-B I K90 S;bathroom-toilet-fans;avens;avens-qe-b-kasa;avens-qe-b-kasa-serisi;qe-b-i-k90-s-11565;;avens-qe-b-i-k90-s-banyo-fani;avens-qe-b-i-k90-s-bathroom-fan;/tr/urun/avens-qe-b-i-k90-s-banyo-fani-p-ave-11565;/en/products/avens-qe-b-i-k90-s-bathroom-fan-p-ave-11565;29;specs-bos
AVE-11566;QE-B I K90 R 2R;bathroom-toilet-fans;avens;avens-qe-b-kasa;avens-qe-b-kasa-serisi;qe-b-i-k90-r-2r-11566;;avens-qe-b-i-k90-r-2r-banyo-fani;avens-qe-b-i-k90-r-2r-bathroom-fan;/tr/urun/avens-qe-b-i-k90-r-2r-banyo-fani-p-ave-11566;/en/products/avens-qe-b-i-k90-r-2r-bathroom-fan-p-ave-11566;32;specs-bos
AVE-11567;QE-B I K90 R 2L;bathroom-toilet-fans;avens;avens-qe-b-kasa;avens-qe-b-kasa-serisi;qe-b-i-k90-r-2l-11567;;avens-qe-b-i-k90-r-2l-banyo-fani;avens-qe-b-i-k90-r-2l-bathroom-fan;/tr/urun/avens-qe-b-i-k90-r-2l-banyo-fani-p-ave-11567;/en/products/avens-qe-b-i-k90-r-2l-bathroom-fan-p-ave-11567;32;specs-bos
AVE-11568;QE-B I K90 S 2R;bathroom-toilet-fans;avens;avens-qe-b-kasa;avens-qe-b-kasa-serisi;qe-b-i-k90-s-2r-11568;;avens-qe-b-i-k90-s-2r-banyo-fani;avens-qe-b-i-k90-s-2r-bathroom-fan;/tr/urun/avens-qe-b-i-k90-s-2r-banyo-fani-p-ave-11568;/en/products/avens-qe-b-i-k90-s-2r-bathroom-fan-p-ave-11568;32;specs-bos
AVE-1200;AVENS 40x20;duct-fans;avens;avens-dikdortgen-kanal-radyal;avens-dikdortgen-kanal-tipi-radyal-fanlar;avens-40x20-1200;;avens-40x20-kanal-tipi-fan;avens-40x20-inline-duct-fan;/tr/urun/avens-40x20-kanal-tipi-fan-p-ave-1200;/en/products/avens-40x20-inline-duct-fan-p-ave-1200;26;specs-bos
AVE-1250;AVENS 50x25;duct-fans;avens;avens-dikdortgen-kanal-radyal;avens-dikdortgen-kanal-tipi-radyal-fanlar;avens-50x25-1250;;avens-50x25-kanal-tipi-fan;avens-50x25-inline-duct-fan;/tr/urun/avens-50x25-kanal-tipi-fan-p-ave-1250;/en/products/avens-50x25-inline-duct-fan-p-ave-1250;26;specs-bos
AVE-13010;AVenS 750 ISI GERİ KAZANIM CİHAZI;ducted-central-hrv;avens;avens-isi-geri-kazanim;avens-isi-geri-kazanim-cihazlari;avens-750-isi-geri-kazanim-cihazi-13010;;avens-750-isi-geri-kazanim-cihazi;avens-750-heat-recovery-unit;/tr/urun/avens-750-isi-geri-kazanim-cihazi-p-ave-13010;/en/products/avens-750-heat-recovery-unit-p-ave-13010;33;kural2
AVE-13011;AVenS 1000 ISI GERİ KAZANIM CİHAZI;ducted-central-hrv;avens;avens-isi-geri-kazanim;avens-isi-geri-kazanim-cihazlari;avens-1000-isi-geri-kazanim-cihazi-13011;;avens-1000-isi-geri-kazanim-cihazi;avens-1000-heat-recovery-unit;/tr/urun/avens-1000-isi-geri-kazanim-cihazi-p-ave-13011;/en/products/avens-1000-heat-recovery-unit-p-ave-13011;34;kural2
AVE-13013;AVenS 2000 ISI GERİ KAZANIM CİHAZI;ducted-central-hrv;avens;avens-isi-geri-kazanim;avens-isi-geri-kazanim-cihazlari;avens-2000-isi-geri-kazanim-cihazi-13013;;avens-2000-isi-geri-kazanim-cihazi;avens-2000-heat-recovery-unit;/tr/urun/avens-2000-isi-geri-kazanim-cihazi-p-ave-13013;/en/products/avens-2000-heat-recovery-unit-p-ave-13013;34;kural2
AVE-13032;6 kW Elektrikli Isıtıcı;electric-duct-heaters;avens;avens-elektrikli-isiticilar;avens-elektrikli-kanal-isiticilari;6-kw-elektrikli-isitici-13032;;avens-6kw-elektrikli-kanal-isiticisi-2000m3h;avens-6kw-electric-duct-heater-2000m3h;/tr/urun/avens-6kw-elektrikli-kanal-isiticisi-2000m3h-p-ave-13032;/en/products/avens-6kw-electric-duct-heater-2000m3h-p-ave-13032;44;kural2
AVE-13033;9 kW Elektrikli Isıtıcı;electric-duct-heaters;avens;avens-elektrikli-isiticilar;avens-elektrikli-kanal-isiticilari;9-kw-elektrikli-isitici-13033;;avens-9kw-elektrikli-kanal-isiticisi-3000m3h;avens-9kw-electric-duct-heater-3000m3h;/tr/urun/avens-9kw-elektrikli-kanal-isiticisi-3000m3h-p-ave-13033;/en/products/avens-9kw-electric-duct-heater-3000m3h-p-ave-13033;44;kural2
AVE-13034;12 kW Elektrikli Isıtıcı;electric-duct-heaters;avens;avens-elektrikli-isiticilar;avens-elektrikli-kanal-isiticilari;12-kw-elektrikli-isitici-13034;;avens-12kw-elektrikli-kanal-isiticisi-4000m3h;avens-12kw-electric-duct-heater-4000m3h;/tr/urun/avens-12kw-elektrikli-kanal-isiticisi-4000m3h-p-ave-13034;/en/products/avens-12kw-electric-duct-heater-4000m3h-p-ave-13034;45;kural2
AVE-13037;3 kW Elektrikli Isıtıcı;electric-duct-heaters;avens;avens-elektrikli-isiticilar;avens-elektrikli-kanal-isiticilari;3-kw-elektrikli-isitici-13037;;avens-3kw-elektrikli-kanal-isiticisi-1000m3h;avens-3kw-electric-duct-heater-1000m3h;/tr/urun/avens-3kw-elektrikli-kanal-isiticisi-1000m3h-p-ave-13037;/en/products/avens-3kw-electric-duct-heater-1000m3h-p-ave-13037;44;kural2
AVE-13038;15 kW Elektrikli Isıtıcı;electric-duct-heaters;avens;avens-elektrikli-isiticilar;avens-elektrikli-kanal-isiticilari;15-kw-elektrikli-isitici-13038;;avens-15kw-elektrikli-kanal-isiticisi-5000m3h;avens-15kw-electric-duct-heater-5000m3h;/tr/urun/avens-15kw-elektrikli-kanal-isiticisi-5000m3h-p-ave-13038;/en/products/avens-15kw-electric-duct-heater-5000m3h-p-ave-13038;45;kural2
AVE-13039;18 kW Elektrikli Isıtıcı;electric-duct-heaters;avens;avens-elektrikli-isiticilar;avens-elektrikli-kanal-isiticilari;18-kw-elektrikli-isitici-13039;;avens-18kw-elektrikli-kanal-isiticisi-5000m3h;avens-18kw-electric-duct-heater-5000m3h;/tr/urun/avens-18kw-elektrikli-kanal-isiticisi-5000m3h-p-ave-13039;/en/products/avens-18kw-electric-duct-heater-5000m3h-p-ave-13039;45;kural2
AVE-13050;SULU BATARYA 7 KW KANAL TİPİ-4700(Kcal/h) 90/70°C;water-coil-duct-heaters;avens;avens-sulu-batarya;avens-sulu-batarya-kanal-tipi;sulu-batarya-7-kw-kanal-tipi-4700-kcal-h-90-70-c-13050;;avens-7kw-4700-kcal-h-90-70c-sulu-batarya-750m3h;avens-7kw-4700-kcal-h-90-70c-water-coil-750m3h;/tr/urun/avens-7kw-4700-kcal-h-90-70c-sulu-batarya-750m3h-p-ave-13050;/en/products/avens-7kw-4700-kcal-h-90-70c-water-coil-750m3h-p-ave-13050;48;kural2
AVE-13051;SULU BATARYA 8 KW KANAL TİPİ-7000(Kcal/h) 90/70°C;water-coil-duct-heaters;avens;avens-sulu-batarya;avens-sulu-batarya-kanal-tipi;sulu-batarya-8-kw-kanal-tipi-7000-kcal-h-90-70-c-13051;;avens-8kw-7000-kcal-h-90-70c-sulu-batarya-1000m3h;avens-8kw-7000-kcal-h-90-70c-water-coil-1000m3h;/tr/urun/avens-8kw-7000-kcal-h-90-70c-sulu-batarya-1000m3h-p-ave-13051;/en/products/avens-8kw-7000-kcal-h-90-70c-water-coil-1000m3h-p-ave-13051;49;kural2
AVE-13052;SULU BATARYA 11 KW KANAL TİPİ-11300(Kcal/h) 90/70°C;water-coil-duct-heaters;avens;avens-sulu-batarya;avens-sulu-batarya-kanal-tipi;sulu-batarya-11-kw-kanal-tipi-11300-kcal-h-90-70-c-13052;;avens-11kw-11300-kcal-h-90-70c-sulu-batarya;avens-11kw-11300-kcal-h-90-70c-water-coil;/tr/urun/avens-11kw-11300-kcal-h-90-70c-sulu-batarya-p-ave-13052;/en/products/avens-11kw-11300-kcal-h-90-70c-water-coil-p-ave-13052;43;specs-bos
AVE-13053;SULU BATARYA 14 KW KANAL TİPİ-20700(Kcal/h) 90/70°C;water-coil-duct-heaters;avens;avens-sulu-batarya;avens-sulu-batarya-kanal-tipi;sulu-batarya-14-kw-kanal-tipi-20700-kcal-h-90-70-c-13053;;avens-14kw-20700-kcal-h-90-70c-sulu-batarya;avens-14kw-20700-kcal-h-90-70c-water-coil;/tr/urun/avens-14kw-20700-kcal-h-90-70c-sulu-batarya-p-ave-13053;/en/products/avens-14kw-20700-kcal-h-90-70c-water-coil-p-ave-13053;43;specs-bos
AVE-13054;SULU BATARYA 20 KW KANAL TİPİ-33000(Kcal/h) 90/70°C;water-coil-duct-heaters;avens;avens-sulu-batarya;avens-sulu-batarya-kanal-tipi;sulu-batarya-20-kw-kanal-tipi-33000-kcal-h-90-70-c-13054;;avens-20kw-33000-kcal-h-90-70c-sulu-batarya;avens-20kw-33000-kcal-h-90-70c-water-coil;/tr/urun/avens-20kw-33000-kcal-h-90-70c-sulu-batarya-p-ave-13054;/en/products/avens-20kw-33000-kcal-h-90-70c-water-coil-p-ave-13054;43;specs-bos
AVE-13055;SULU BATARYA 28 KW KANAL TİPİ-37400(Kcal/h) 90/70°C;water-coil-duct-heaters;avens;avens-sulu-batarya;avens-sulu-batarya-kanal-tipi;sulu-batarya-28-kw-kanal-tipi-37400-kcal-h-90-70-c-13055;;avens-28kw-37400-kcal-h-90-70c-sulu-batarya;avens-28kw-37400-kcal-h-90-70c-water-coil;/tr/urun/avens-28kw-37400-kcal-h-90-70c-sulu-batarya-p-ave-13055;/en/products/avens-28kw-37400-kcal-h-90-70c-water-coil-p-ave-13055;43;specs-bos
AVE-13056;SULU BATARYA 36 KW KANAL TİPİ-42500(Kcal/h) 90/70°C;water-coil-duct-heaters;avens;avens-sulu-batarya;avens-sulu-batarya-kanal-tipi;sulu-batarya-36-kw-kanal-tipi-42500-kcal-h-90-70-c-13056;;avens-36kw-42500-kcal-h-90-70c-sulu-batarya;avens-36kw-42500-kcal-h-90-70c-water-coil;/tr/urun/avens-36kw-42500-kcal-h-90-70c-sulu-batarya-p-ave-13056;/en/products/avens-36kw-42500-kcal-h-90-70c-water-coil-p-ave-13056;43;specs-bos
AVE-13057;SULU BATARYA 40 KW KANAL TİPİ-47300(Kcal/h) 90/70°C;water-coil-duct-heaters;avens;avens-sulu-batarya;avens-sulu-batarya-kanal-tipi;sulu-batarya-40-kw-kanal-tipi-47300-kcal-h-90-70-c-13057;;avens-40kw-47300-kcal-h-90-70c-sulu-batarya;avens-40kw-47300-kcal-h-90-70c-water-coil;/tr/urun/avens-40kw-47300-kcal-h-90-70c-sulu-batarya-p-ave-13057;/en/products/avens-40kw-47300-kcal-h-90-70c-water-coil-p-ave-13057;43;specs-bos
AVE-1316;AVENS 60x30;duct-fans;avens;avens-dikdortgen-kanal-radyal;avens-dikdortgen-kanal-tipi-radyal-fanlar;avens-60x30-1316;;avens-60x30-kanal-tipi-fan;avens-60x30-inline-duct-fan;/tr/urun/avens-60x30-kanal-tipi-fan-p-ave-1316;/en/products/avens-60x30-inline-duct-fan-p-ave-1316;26;specs-bos
AVE-1317;AVENS 60x35;duct-fans;avens;avens-dikdortgen-kanal-radyal;avens-dikdortgen-kanal-tipi-radyal-fanlar;avens-60x35-1317;;avens-60x35-kanal-tipi-fan;avens-60x35-inline-duct-fan;/tr/urun/avens-60x35-kanal-tipi-fan-p-ave-1317;/en/products/avens-60x35-inline-duct-fan-p-ave-1317;26;specs-bos
AVE-1355;AVENS 70x40;duct-fans;avens;avens-dikdortgen-kanal-radyal;avens-dikdortgen-kanal-tipi-radyal-fanlar;avens-70x40-1355;;avens-70x40-kanal-tipi-fan;avens-70x40-inline-duct-fan;/tr/urun/avens-70x40-kanal-tipi-fan-p-ave-1355;/en/products/avens-70x40-inline-duct-fan-p-ave-1355;26;specs-bos
AVE-1360;AVENS 80x50;duct-fans;avens;avens-dikdortgen-kanal-radyal;avens-dikdortgen-kanal-tipi-radyal-fanlar;avens-80x50-1360;;avens-80x50-kanal-tipi-fan;avens-80x50-inline-duct-fan;/tr/urun/avens-80x50-kanal-tipi-fan-p-ave-1360;/en/products/avens-80x50-inline-duct-fan-p-ave-1360;26;specs-bos
AVE-1410;AVENS 100x50;duct-fans;avens;avens-dikdortgen-kanal-radyal;avens-dikdortgen-kanal-tipi-radyal-fanlar;avens-100x50-1410;;avens-100x50-kanal-tipi-fan;avens-100x50-inline-duct-fan;/tr/urun/avens-100x50-kanal-tipi-fan-p-ave-1410;/en/products/avens-100x50-inline-duct-fan-p-ave-1410;27;specs-bos
AVE-20100;AVenS-HF/FW 7/7 1,1 kW;cabinet-fans;avens;avens-hucreli-aspiratorler;avens-hucreli-aspiratorler-hf-fw;avens-hf-fw-7-7-1-1kw-20100;;avens-hf-fw-7-7-1-1kw-hucreli-aspirator-3400m3h;avens-hf-fw-7-7-1-1kw-cabinet-fan-3400m3h;/tr/urun/avens-hf-fw-7-7-1-1kw-hucreli-aspirator-3400m3h-p-ave-20100;/en/products/avens-hf-fw-7-7-1-1kw-cabinet-fan-3400m3h-p-ave-20100;47;deger-dustu
AVE-20110;AVenS-HF/FW 9/9 1,5 kW;cabinet-fans;avens;avens-hucreli-aspiratorler;avens-hucreli-aspiratorler-hf-fw;avens-hf-fw-9-9-1-5kw-20110;;avens-hf-fw-9-9-1-5kw-hucreli-aspirator-5000m3h;avens-hf-fw-9-9-1-5kw-cabinet-fan-5000m3h;/tr/urun/avens-hf-fw-9-9-1-5kw-hucreli-aspirator-5000m3h-p-ave-20110;/en/products/avens-hf-fw-9-9-1-5kw-cabinet-fan-5000m3h-p-ave-20110;47;deger-dustu
AVE-20120;AVenS-HF/FW 10/10 2,2 kW;cabinet-fans;avens;avens-hucreli-aspiratorler;avens-hucreli-aspiratorler-hf-fw;avens-hf-fw-10-10-2-2kw-20120;;avens-hf-fw-10-10-2-2kw-hucreli-aspirator-7000m3h;avens-hf-fw-10-10-2-2kw-cabinet-fan-7000m3h;/tr/urun/avens-hf-fw-10-10-2-2kw-hucreli-aspirator-7000m3h-p-ave-20120;/en/products/avens-hf-fw-10-10-2-2kw-cabinet-fan-7000m3h-p-ave-20120;49;deger-dustu
AVE-20130;AVenS-HF/FW 12/12 3 kW;cabinet-fans;avens;avens-hucreli-aspiratorler;avens-hucreli-aspiratorler-hf-fw;avens-hf-fw-12-12-3kw-20130;;avens-hf-fw-12-12-3kw-hucreli-aspirator-9500m3h-250pa;avens-hf-fw-12-12-3kw-cabinet-fan-9500m3h-250pa;/tr/urun/avens-hf-fw-12-12-3kw-hucreli-aspirator-9500m3h-250pa-p-ave-20130;/en/products/avens-hf-fw-12-12-3kw-cabinet-fan-9500m3h-250pa-p-ave-20130;53;
AVE-20140;AVenS-HF/FW 15/15 4 kW;cabinet-fans;avens;avens-hucreli-aspiratorler;avens-hucreli-aspiratorler-hf-fw;avens-hf-fw-15-15-4kw-20140;;avens-hf-fw-15-15-4kw-hucreli-aspirator-14000m3h-250pa;avens-hf-fw-15-15-4kw-cabinet-fan-14000m3h-250pa;/tr/urun/avens-hf-fw-15-15-4kw-hucreli-aspirator-14000m3h-250pa-p-ave-20140;/en/products/avens-hf-fw-15-15-4kw-cabinet-fan-14000m3h-250pa-p-ave-20140;54;
AVE-20150;AVenS-HF/FW 18/18 5,5 kW;cabinet-fans;avens;avens-hucreli-aspiratorler;avens-hucreli-aspiratorler-hf-fw;avens-hf-fw-18-18-5-5kw-20150;;avens-hf-fw-18-18-5-5kw-hucreli-aspirator-18000m3h;avens-hf-fw-18-18-5-5kw-cabinet-fan-18000m3h;/tr/urun/avens-hf-fw-18-18-5-5kw-hucreli-aspirator-18000m3h-p-ave-20150;/en/products/avens-hf-fw-18-18-5-5kw-cabinet-fan-18000m3h-p-ave-20150;50;
AVE-20200;AVenS-HF/S 250 1,1 kW;cabinet-fans;avens;avens-hucreli-hf-s;avens-hucreli-aspiratorler-hf-s;avens-hf-s-250-1-1kw-20200;;avens-hf-s-250-1-1kw-hucreli-aspirator-4000m3h;avens-hf-s-250-1-1kw-cabinet-fan-4000m3h;/tr/urun/avens-hf-s-250-1-1kw-hucreli-aspirator-4000m3h-p-ave-20200;/en/products/avens-hf-s-250-1-1kw-cabinet-fan-4000m3h-p-ave-20200;46;kural2
AVE-20210;AVenS-HF/S 280 1,5 kW;cabinet-fans;avens;avens-hucreli-hf-s;avens-hucreli-aspiratorler-hf-s;avens-hf-s-280-1-5kw-20210;;avens-hf-s-280-1-5kw-hucreli-aspirator-6000m3h-250pa;avens-hf-s-280-1-5kw-cabinet-fan-6000m3h-250pa;/tr/urun/avens-hf-s-280-1-5kw-hucreli-aspirator-6000m3h-250pa-p-ave-20210;/en/products/avens-hf-s-280-1-5kw-cabinet-fan-6000m3h-250pa-p-ave-20210;52;kural2
AVE-20220;AVenS-HF/S 315 3 kW;cabinet-fans;avens;avens-hucreli-hf-s;avens-hucreli-aspiratorler-hf-s;avens-hf-s-315-3kw-20220;;avens-hf-s-315-3kw-hucreli-aspirator-9500m3h-250pa;avens-hf-s-315-3kw-cabinet-fan-9500m3h-250pa;/tr/urun/avens-hf-s-315-3kw-hucreli-aspirator-9500m3h-250pa-p-ave-20220;/en/products/avens-hf-s-315-3kw-cabinet-fan-9500m3h-250pa-p-ave-20220;50;kural2
AVE-20230;AVenS-HF/S 355 4 kW;cabinet-fans;avens;avens-hucreli-hf-s;avens-hucreli-aspiratorler-hf-s;avens-hf-s-355-4kw-20230;;avens-hf-s-355-4kw-hucreli-aspirator-12000m3h-250pa;avens-hf-s-355-4kw-cabinet-fan-12000m3h-250pa;/tr/urun/avens-hf-s-355-4kw-hucreli-aspirator-12000m3h-250pa-p-ave-20230;/en/products/avens-hf-s-355-4kw-cabinet-fan-12000m3h-250pa-p-ave-20230;51;kural2
AVE-20240;AVenS-HF/S 400 5,5 kW;cabinet-fans;avens;avens-hucreli-hf-s;avens-hucreli-aspiratorler-hf-s;avens-hf-s-400-5-5kw-20240;;avens-hf-s-400-5-5kw-hucreli-aspirator-16000m3h-250pa;avens-hf-s-400-5-5kw-cabinet-fan-16000m3h-250pa;/tr/urun/avens-hf-s-400-5-5kw-hucreli-aspirator-16000m3h-250pa-p-ave-20240;/en/products/avens-hf-s-400-5-5kw-cabinet-fan-16000m3h-250pa-p-ave-20240;53;kural2
AVE-20250;AVenS-HF/S 450 7,5 kW;cabinet-fans;avens;avens-hucreli-hf-s;avens-hucreli-aspiratorler-hf-s;avens-hf-s-450-7-5kw-20250;;avens-hf-s-450-7-5kw-hucreli-aspirator-20000m3h-400pa;avens-hf-s-450-7-5kw-cabinet-fan-20000m3h-400pa;/tr/urun/avens-hf-s-450-7-5kw-hucreli-aspirator-20000m3h-400pa-p-ave-20250;/en/products/avens-hf-s-450-7-5kw-cabinet-fan-20000m3h-400pa-p-ave-20250;53;kural2
AVE-20260;AVenS-HF/S 500 11 kW;cabinet-fans;avens;avens-hucreli-hf-s;avens-hucreli-aspiratorler-hf-s;avens-hf-s-500-11kw-20260;;avens-hf-s-500-11kw-hucreli-aspirator-25000m3h;avens-hf-s-500-11kw-cabinet-fan-25000m3h;/tr/urun/avens-hf-s-500-11kw-hucreli-aspirator-25000m3h-p-ave-20260;/en/products/avens-hf-s-500-11kw-cabinet-fan-25000m3h-p-ave-20260;46;kural2
AVE-248312106;KENTALFAN 315 T2 1,5kW;plug-fans;casals;avens-plug-fanlar;avens-plug-fanlar;kentalfan-315-t2-1-5kw-248312106;;casals-kentalfan-315-t2-1-5kw-plug-fan-5260m3h-1000pa;casals-kentalfan-315-t2-1-5kw-plug-fan-5260m3h-1000pa;/tr/urun/casals-kentalfan-315-t2-1-5kw-plug-fan-5260m3h-1000pa-p-ave-248312106;/en/products/casals-kentalfan-315-t2-1-5kw-plug-fan-5260m3h-1000pa-p-ave-248312106;53;kural2
AVE-248314103;KENTALFAN 315 M4 0,25kW;plug-fans;casals;avens-plug-fanlar;avens-plug-fanlar;kentalfan-315-m4-0-25kw-248314103;;casals-kentalfan-315-m4-0-25kw-plug-fan-2590m3h-370pa;casals-kentalfan-315-m4-0-25kw-plug-fan-2590m3h-370pa;/tr/urun/casals-kentalfan-315-m4-0-25kw-plug-fan-2590m3h-370pa-p-ave-248314103;/en/products/casals-kentalfan-315-m4-0-25kw-plug-fan-2590m3h-370pa-p-ave-248314103;53;kural2
AVE-248314106;KENTALFAN 315 T4 0,25kW;plug-fans;casals;avens-plug-fanlar;avens-plug-fanlar;kentalfan-315-t4-0-25kw-248314106;;casals-kentalfan-315-t4-0-25kw-plug-fan-2590m3h-370pa;casals-kentalfan-315-t4-0-25kw-plug-fan-2590m3h-370pa;/tr/urun/casals-kentalfan-315-t4-0-25kw-plug-fan-2590m3h-370pa-p-ave-248314106;/en/products/casals-kentalfan-315-t4-0-25kw-plug-fan-2590m3h-370pa-p-ave-248314106;53;kural2
AVE-248354103;KENTALFAN 355 M4 0,25kW;plug-fans;casals;avens-plug-fanlar;avens-plug-fanlar;kentalfan-355-m4-0-25kw-248354103;;casals-kentalfan-355-m4-0-25kw-plug-fan-3610m3h-470pa;casals-kentalfan-355-m4-0-25kw-plug-fan-3610m3h-470pa;/tr/urun/casals-kentalfan-355-m4-0-25kw-plug-fan-3610m3h-470pa-p-ave-248354103;/en/products/casals-kentalfan-355-m4-0-25kw-plug-fan-3610m3h-470pa-p-ave-248354103;53;kural2
AVE-248354106;KENTALFAN 355 T4 0,25kW;plug-fans;casals;avens-plug-fanlar;avens-plug-fanlar;kentalfan-355-t4-0-25kw-248354106;;casals-kentalfan-355-t4-0-25kw-plug-fan-3610m3h-470pa;casals-kentalfan-355-t4-0-25kw-plug-fan-3610m3h-470pa;/tr/urun/casals-kentalfan-355-t4-0-25kw-plug-fan-3610m3h-470pa-p-ave-248354106;/en/products/casals-kentalfan-355-t4-0-25kw-plug-fan-3610m3h-470pa-p-ave-248354106;53;kural2
AVE-248404103;KENTALFAN 400 M4 0,55kW;plug-fans;casals;avens-plug-fanlar;avens-plug-fanlar;kentalfan-400-m4-0-55kw-248404103;;casals-kentalfan-400-m4-0-55kw-plug-fan-5340m3h-570pa;casals-kentalfan-400-m4-0-55kw-plug-fan-5340m3h-570pa;/tr/urun/casals-kentalfan-400-m4-0-55kw-plug-fan-5340m3h-570pa-p-ave-248404103;/en/products/casals-kentalfan-400-m4-0-55kw-plug-fan-5340m3h-570pa-p-ave-248404103;53;kural2
AVE-248404106;KENTALFAN 400 T4 0,55kW;plug-fans;casals;avens-plug-fanlar;avens-plug-fanlar;kentalfan-400-t4-0-55kw-248404106;;casals-kentalfan-400-t4-0-55kw-plug-fan-5340m3h-570pa;casals-kentalfan-400-t4-0-55kw-plug-fan-5340m3h-570pa;/tr/urun/casals-kentalfan-400-t4-0-55kw-plug-fan-5340m3h-570pa-p-ave-248404106;/en/products/casals-kentalfan-400-t4-0-55kw-plug-fan-5340m3h-570pa-p-ave-248404106;53;kural2
AVE-248454106;KENTALFAN 450 T4 1,1kW;plug-fans;casals;avens-plug-fanlar;avens-plug-fanlar;kentalfan-450-t4-1-1kw-248454106;;casals-kentalfan-450-t4-1-1kw-plug-fan-7870m3h-750pa;casals-kentalfan-450-t4-1-1kw-plug-fan-7870m3h-750pa;/tr/urun/casals-kentalfan-450-t4-1-1kw-plug-fan-7870m3h-750pa-p-ave-248454106;/en/products/casals-kentalfan-450-t4-1-1kw-plug-fan-7870m3h-750pa-p-ave-248454106;52;kural2
AVE-248504106;KENTALFAN 500 T4 1,5kW;plug-fans;casals;avens-plug-fanlar;avens-plug-fanlar;kentalfan-500-t4-1-5kw-248504106;;casals-kentalfan-500-t4-1-5kw-plug-fan-10430m3h-850pa;casals-kentalfan-500-t4-1-5kw-plug-fan-10430m3h-850pa;/tr/urun/casals-kentalfan-500-t4-1-5kw-plug-fan-10430m3h-850pa-p-ave-248504106;/en/products/casals-kentalfan-500-t4-1-5kw-plug-fan-10430m3h-850pa-p-ave-248504106;53;kural2
AVE-248506106;KENTALFAN 500 T6 0,55kW;plug-fans;casals;avens-plug-fanlar;avens-plug-fanlar;kentalfan-500-t6-0-55kw-248506106;;casals-kentalfan-500-t6-0-55kw-plug-fan-6850m3h-350pa;casals-kentalfan-500-t6-0-55kw-plug-fan-6850m3h-350pa;/tr/urun/casals-kentalfan-500-t6-0-55kw-plug-fan-6850m3h-350pa-p-ave-248506106;/en/products/casals-kentalfan-500-t6-0-55kw-plug-fan-6850m3h-350pa-p-ave-248506106;53;kural2
AVE-248564106;KENTALFAN 560 T4 3kW;plug-fans;casals;avens-plug-fanlar;avens-plug-fanlar;kentalfan-560-t4-3kw-248564106;;casals-kentalfan-560-t4-3kw-plug-fan-15040m3h-1150pa;casals-kentalfan-560-t4-3kw-plug-fan-15040m3h-1150pa;/tr/urun/casals-kentalfan-560-t4-3kw-plug-fan-15040m3h-1150pa-p-ave-248564106;/en/products/casals-kentalfan-560-t4-3kw-plug-fan-15040m3h-1150pa-p-ave-248564106;52;kural2
AVE-248566106;KENTALFAN 560 T6 1,1kW;plug-fans;casals;avens-plug-fanlar;avens-plug-fanlar;kentalfan-560-t6-1-1kw-248566106;;casals-kentalfan-560-t6-1-1kw-plug-fan-10020m3h-500pa;casals-kentalfan-560-t6-1-1kw-plug-fan-10020m3h-500pa;/tr/urun/casals-kentalfan-560-t6-1-1kw-plug-fan-10020m3h-500pa-p-ave-248566106;/en/products/casals-kentalfan-560-t6-1-1kw-plug-fan-10020m3h-500pa-p-ave-248566106;53;kural2
AVE-248634106;KENTALFAN 630 T4 5,5kW;plug-fans;casals;avens-plug-fanlar;avens-plug-fanlar;kentalfan-630-t4-5-5kw-248634106;;casals-kentalfan-630-t4-5-5kw-plug-fan-22550m3h-1450pa;casals-kentalfan-630-t4-5-5kw-plug-fan-22550m3h-1450pa;/tr/urun/casals-kentalfan-630-t4-5-5kw-plug-fan-22550m3h-1450pa-p-ave-248634106;/en/products/casals-kentalfan-630-t4-5-5kw-plug-fan-22550m3h-1450pa-p-ave-248634106;54;kural2
AVE-248636106;KENTALFAN 630 T6 1,5kW;plug-fans;casals;avens-plug-fanlar;avens-plug-fanlar;kentalfan-630-t6-1-5kw-248636106;;casals-kentalfan-630-t6-1-5kw-plug-fan-14280m3h-600pa;casals-kentalfan-630-t6-1-5kw-plug-fan-14280m3h-600pa;/tr/urun/casals-kentalfan-630-t6-1-5kw-plug-fan-14280m3h-600pa-p-ave-248636106;/en/products/casals-kentalfan-630-t6-1-5kw-plug-fan-14280m3h-600pa-p-ave-248636106;53;kural2
AVE-30100;BVU 1000-230W;shelter-ventilation;avens;avens-siginak-havalandirma-uniteleri;avens-bvu-siginak-havalandirma-uniteleri;bvu-1000-230w-30100;;avens-bvu-1000-230w-siginak-havalandirma-unitesi-1200m3h;avens-bvu-1000-230w-shelter-ventilation-unit-1200m3h;/tr/urun/avens-bvu-1000-230w-siginak-havalandirma-unitesi-1200m3h-p-ave-30100;/en/products/avens-bvu-1000-230w-shelter-ventilation-unit-1200m3h-p-ave-30100;56;kural2
AVE-30101;BVU 2000-310W;shelter-ventilation;avens;avens-siginak-havalandirma-uniteleri;avens-bvu-siginak-havalandirma-uniteleri;bvu-2000-310w-30101;;avens-bvu-2000-310w-siginak-havalandirma-unitesi;avens-bvu-2000-310w-shelter-ventilation-unit;/tr/urun/avens-bvu-2000-310w-siginak-havalandirma-unitesi-p-ave-30101;/en/products/avens-bvu-2000-310w-shelter-ventilation-unit-p-ave-30101;48;kural2
AVE-30102;BVU 3000-430W;shelter-ventilation;avens;avens-siginak-havalandirma-uniteleri;avens-bvu-siginak-havalandirma-uniteleri;bvu-3000-430w-30102;;avens-bvu-3000-430w-siginak-havalandirma-unitesi-3200m3h;avens-bvu-3000-430w-shelter-ventilation-unit-3200m3h;/tr/urun/avens-bvu-3000-430w-siginak-havalandirma-unitesi-3200m3h-p-ave-30102;/en/products/avens-bvu-3000-430w-shelter-ventilation-unit-3200m3h-p-ave-30102;56;kural2
AVE-30110;BVU-LS 1000;spare-parts-sensors;avens;avens-bvu-ls;avens-bvu-ls-kursun-seperator;bvu-ls-1000-30110;;avens-bvu-ls-1000-yedek-parca;avens-bvu-ls-1000-spare-part;/tr/urun/avens-bvu-ls-1000-yedek-parca-p-ave-30110;/en/products/avens-bvu-ls-1000-spare-part-p-ave-30110;29;
AVE-30111;BVU-LS 2000/3000;spare-parts-sensors;avens;avens-bvu-ls;avens-bvu-ls-kursun-seperator;bvu-ls-2000-3000-30111;;avens-bvu-ls-2000-3000-yedek-parca;avens-bvu-ls-2000-3000-spare-part;/tr/urun/avens-bvu-ls-2000-3000-yedek-parca-p-ave-30111;/en/products/avens-bvu-ls-2000-3000-spare-part-p-ave-30111;34;
AVE-60006;AVenS 2,5 A HIZ ANAHTARI;speed-controllers;avens;avens-hiz-anahtarlari;avens-hiz-anahtarlari;avens-2-5-a-hiz-anahtari-60006;;avens-2-5a-hiz-anahtari;avens-2-5a-speed-controller;/tr/urun/avens-2-5a-hiz-anahtari-p-ave-60006;/en/products/avens-2-5a-speed-controller-p-ave-60006;23;
AVE-80141;FC-51 - 230V - 0,37kW Frekans Konvertörü;frequency-converters;danfoss;danfoss-fc51;danfoss-vlt-micro-drive-fc-51;fc-51-230v-0-37kw-frekans-konvertoru-80141;;danfoss-fc-51-230v-0-37kw-frekans-konvertoru;danfoss-fc-51-230v-0-37kw-frequency-converter;/tr/urun/danfoss-fc-51-230v-0-37kw-frekans-konvertoru-p-ave-80141;/en/products/danfoss-fc-51-230v-0-37kw-frequency-converter-p-ave-80141;44;kural2
AVE-ENKEC155;ENKELFAN 155 EEC;plug-fans;casals;avens-enkelfan-ec-plug;avens-enkelfan-ec-motorlu-plug-fanlar;enkelfan-155-eec-enkec-155;;casals-enkelfan-155-eec-plug-fan;casals-enkelfan-155-eec-plug-fan;/tr/urun/casals-enkelfan-155-eec-plug-fan-p-ave-enkec155;/en/products/casals-enkelfan-155-eec-plug-fan-p-ave-enkec155;32;specs-bos
AVE-ENKEC190;ENKELFAN 190 EEC;plug-fans;casals;avens-enkelfan-ec-plug;avens-enkelfan-ec-motorlu-plug-fanlar;enkelfan-190-eec-enkec-190;;casals-enkelfan-190-eec-plug-fan;casals-enkelfan-190-eec-plug-fan;/tr/urun/casals-enkelfan-190-eec-plug-fan-p-ave-enkec190;/en/products/casals-enkelfan-190-eec-plug-fan-p-ave-enkec190;32;specs-bos
AVE-ENKEC250;ENKELFAN 250 EEC;plug-fans;casals;avens-enkelfan-ec-plug;avens-enkelfan-ec-motorlu-plug-fanlar;enkelfan-250-eec-enkec-250;;casals-enkelfan-250-eec-plug-fan;casals-enkelfan-250-eec-plug-fan;/tr/urun/casals-enkelfan-250-eec-plug-fan-p-ave-enkec250;/en/products/casals-enkelfan-250-eec-plug-fan-p-ave-enkec250;32;specs-bos
AVE-ENKEC310;ENKELFAN 310 EEC;plug-fans;casals;avens-enkelfan-ec-plug;avens-enkelfan-ec-motorlu-plug-fanlar;enkelfan-310-eec-enkec-310;;casals-enkelfan-310-eec-plug-fan;casals-enkelfan-310-eec-plug-fan;/tr/urun/casals-enkelfan-310-eec-plug-fan-p-ave-enkec310;/en/products/casals-enkelfan-310-eec-plug-fan-p-ave-enkec310;32;specs-bos
AVE-ENKEC355;ENKELFAN 355 EEC;plug-fans;casals;avens-enkelfan-ec-plug;avens-enkelfan-ec-motorlu-plug-fanlar;enkelfan-355-eec-enkec-355;;casals-enkelfan-355-eec-plug-fan;casals-enkelfan-355-eec-plug-fan;/tr/urun/casals-enkelfan-355-eec-plug-fan-p-ave-enkec355;/en/products/casals-enkelfan-355-eec-plug-fan-p-ave-enkec355;32;specs-bos
AVE-ENKEC450;ENKELFAN 450 EEC;plug-fans;casals;avens-enkelfan-ec-plug;avens-enkelfan-ec-motorlu-plug-fanlar;enkelfan-450-eec-enkec-450;;casals-enkelfan-450-eec-plug-fan;casals-enkelfan-450-eec-plug-fan;/tr/urun/casals-enkelfan-450-eec-plug-fan-p-ave-enkec450;/en/products/casals-enkelfan-450-eec-plug-fan-p-ave-enkec450;32;specs-bos
AVE-ENKEC500;ENKELFAN 500 EEC;plug-fans;casals;avens-enkelfan-ec-plug;avens-enkelfan-ec-motorlu-plug-fanlar;enkelfan-500-eec-enkec-500;;casals-enkelfan-500-eec-plug-fan;casals-enkelfan-500-eec-plug-fan;/tr/urun/casals-enkelfan-500-eec-plug-fan-p-ave-enkec500;/en/products/casals-enkelfan-500-eec-plug-fan-p-ave-enkec500;32;specs-bos
AVE-ENKEC560;ENKELFAN 560 EEC;plug-fans;casals;avens-enkelfan-ec-plug;avens-enkelfan-ec-motorlu-plug-fanlar;enkelfan-560-eec-enkec-560;;casals-enkelfan-560-eec-plug-fan;casals-enkelfan-560-eec-plug-fan;/tr/urun/casals-enkelfan-560-eec-plug-fan-p-ave-enkec560;/en/products/casals-enkelfan-560-eec-plug-fan-p-ave-enkec560;32;specs-bos
AVE-ENKEC630;ENKELFAN 630 EEC;plug-fans;casals;avens-enkelfan-ec-plug;avens-enkelfan-ec-motorlu-plug-fanlar;enkelfan-630-eec-enkec630;;casals-enkelfan-630-eec-plug-fan;casals-enkelfan-630-eec-plug-fan;/tr/urun/casals-enkelfan-630-eec-plug-fan-p-ave-enkec630;/en/products/casals-enkelfan-630-eec-plug-fan-p-ave-enkec630;32;specs-bos
AVE-NS10014225;NIMUS 1001 T4 45kW;centrifugal-fans;casals;avens-nimus;avens-nimus-santrifuj-fanlar;nimus-1001-t4-45kw-ns10014225;;casals-nimus-1001-t4-45kw-radyal-fan;casals-nimus-1001-t4-45kw-centrifugal-fan;/tr/urun/casals-nimus-1001-t4-45kw-radyal-fan-p-ave-ns10014225;/en/products/casals-nimus-1001-t4-45kw-centrifugal-fan-p-ave-ns10014225;36;specs-bos
AVE-NS311280;NIMUS 311 T2 1,1kW;centrifugal-fans;casals;avens-nimus;avens-nimus-santrifuj-fanlar;nimus-311-t2-1-1kw-ns311280;;casals-nimus-311-t2-1-1kw-radyal-fan;casals-nimus-311-t2-1-1kw-centrifugal-fan;/tr/urun/casals-nimus-311-t2-1-1kw-radyal-fan-p-ave-ns311280;/en/products/casals-nimus-311-t2-1-1kw-centrifugal-fan-p-ave-ns311280;36;specs-bos
AVE-NS351290;NIMUS 351 T2 2,2kW;centrifugal-fans;casals;avens-nimus;avens-nimus-santrifuj-fanlar;nimus-351-t2-2-2kw-ns351290;;casals-nimus-351-t2-2-2kw-radyal-fan;casals-nimus-351-t2-2-2kw-centrifugal-fan;/tr/urun/casals-nimus-351-t2-2-2kw-radyal-fan-p-ave-ns351290;/en/products/casals-nimus-351-t2-2-2kw-centrifugal-fan-p-ave-ns351290;36;specs-bos
AVE-NS351471;NIMUS 351 T4 0,37kW;centrifugal-fans;casals;avens-nimus;avens-nimus-santrifuj-fanlar;nimus-351-t4-0-37kw-ns351471;;casals-nimus-351-t4-0-37kw-radyal-fan;casals-nimus-351-t4-0-37kw-centrifugal-fan;/tr/urun/casals-nimus-351-t4-0-37kw-radyal-fan-p-ave-ns351471;/en/products/casals-nimus-351-t4-0-37kw-centrifugal-fan-p-ave-ns351471;37;specs-bos
AVE-NS4012100;NIMUS 401 T2 4kW;centrifugal-fans;casals;avens-nimus;avens-nimus-santrifuj-fanlar;nimus-401-t2-4kw-ns4012100;;casals-nimus-401-t2-4kw-radyal-fan;casals-nimus-401-t2-4kw-centrifugal-fan;/tr/urun/casals-nimus-401-t2-4kw-radyal-fan-p-ave-ns4012100;/en/products/casals-nimus-401-t2-4kw-centrifugal-fan-p-ave-ns4012100;34;specs-bos
AVE-NS401480;NIMUS 401 T4 0,55kW;centrifugal-fans;casals;avens-nimus;avens-nimus-santrifuj-fanlar;nimus-401-t4-0-55kw-ns401480;;casals-nimus-401-t4-0-55kw-radyal-fan;casals-nimus-401-t4-0-55kw-centrifugal-fan;/tr/urun/casals-nimus-401-t4-0-55kw-radyal-fan-p-ave-ns401480;/en/products/casals-nimus-401-t4-0-55kw-centrifugal-fan-p-ave-ns401480;37;specs-bos
AVE-NS4512132;NIMUS 451 T2 7,5kW;centrifugal-fans;casals;avens-nimus;avens-nimus-santrifuj-fanlar;nimus-451-t2-7-5kw-ns4512132;;casals-nimus-451-t2-7-5kw-radyal-fan;casals-nimus-451-t2-7-5kw-centrifugal-fan;/tr/urun/casals-nimus-451-t2-7-5kw-radyal-fan-p-ave-ns4512132;/en/products/casals-nimus-451-t2-7-5kw-centrifugal-fan-p-ave-ns4512132;36;specs-bos
AVE-NS451480;NIMUS 451 T4 0,75kW;centrifugal-fans;casals;avens-nimus;avens-nimus-santrifuj-fanlar;nimus-451-t4-0-75kw-ns451480;;casals-nimus-451-t4-0-75kw-radyal-fan;casals-nimus-451-t4-0-75kw-centrifugal-fan;/tr/urun/casals-nimus-451-t4-0-75kw-radyal-fan-p-ave-ns451480;/en/products/casals-nimus-451-t4-0-75kw-centrifugal-fan-p-ave-ns451480;37;specs-bos
AVE-NS5012160;NIMUS 501 T2 11kW;centrifugal-fans;casals;avens-nimus;avens-nimus-santrifuj-fanlar;nimus-501-t2-11kw-ns5012160;;casals-nimus-501-t2-11kw-radyal-fan;casals-nimus-501-t2-11kw-centrifugal-fan;/tr/urun/casals-nimus-501-t2-11kw-radyal-fan-p-ave-ns5012160;/en/products/casals-nimus-501-t2-11kw-centrifugal-fan-p-ave-ns5012160;35;specs-bos
AVE-NS501490;NIMUS 501 T4 1,5kW;centrifugal-fans;casals;avens-nimus;avens-nimus-santrifuj-fanlar;nimus-501-t4-1-5kw-ns501490;;casals-nimus-501-t4-1-5kw-radyal-fan;casals-nimus-501-t4-1-5kw-centrifugal-fan;/tr/urun/casals-nimus-501-t4-1-5kw-radyal-fan-p-ave-ns501490;/en/products/casals-nimus-501-t4-1-5kw-centrifugal-fan-p-ave-ns501490;36;specs-bos
AVE-NS5624100;NIMUS 561 T4 2,2kW;centrifugal-fans;casals;avens-nimus;avens-nimus-santrifuj-fanlar;nimus-561-t4-2-2kw-ns5624100;;casals-nimus-561-t4-2-2kw-radyal-fan;casals-nimus-561-t4-2-2kw-centrifugal-fan;/tr/urun/casals-nimus-561-t4-2-2kw-radyal-fan-p-ave-ns5624100;/en/products/casals-nimus-561-t4-2-2kw-centrifugal-fan-p-ave-ns5624100;36;specs-bos
AVE-NS6314112;NIMUS 631 T4 4kW;centrifugal-fans;casals;avens-nimus;avens-nimus-santrifuj-fanlar;nimus-631-t4-4kw-ns6314112;;casals-nimus-631-t4-4kw-radyal-fan;casals-nimus-631-t4-4kw-centrifugal-fan;/tr/urun/casals-nimus-631-t4-4kw-radyal-fan-p-ave-ns6314112;/en/products/casals-nimus-631-t4-4kw-centrifugal-fan-p-ave-ns6314112;34;specs-bos
AVE-NS7114132;NIMUS 711 T4 7,5kW;centrifugal-fans;casals;avens-nimus;avens-nimus-santrifuj-fanlar;nimus-711-t4-7-5kw-ns7114132;;casals-nimus-711-t4-7-5kw-radyal-fan;casals-nimus-711-t4-7-5kw-centrifugal-fan;/tr/urun/casals-nimus-711-t4-7-5kw-radyal-fan-p-ave-ns7114132;/en/products/casals-nimus-711-t4-7-5kw-centrifugal-fan-p-ave-ns7114132;36;specs-bos
AVE-NS8014160;NIMUS 801 T4 15kW;centrifugal-fans;casals;avens-nimus;avens-nimus-santrifuj-fanlar;nimus-801-t4-15kw-ns8014160;;casals-nimus-801-t4-15kw-radyal-fan;casals-nimus-801-t4-15kw-centrifugal-fan;/tr/urun/casals-nimus-801-t4-15kw-radyal-fan-p-ave-ns8014160;/en/products/casals-nimus-801-t4-15kw-centrifugal-fan-p-ave-ns8014160;35;specs-bos
AVE-NS9014200;NIMUS 901 T4 30kW;centrifugal-fans;casals;avens-nimus;avens-nimus-santrifuj-fanlar;nimus-901-t4-30kw-ns9014200;;casals-nimus-901-t4-30kw-radyal-fan;casals-nimus-901-t4-30kw-centrifugal-fan;/tr/urun/casals-nimus-901-t4-30kw-radyal-fan-p-ave-ns9014200;/en/products/casals-nimus-901-t4-30kw-centrifugal-fan-p-ave-ns9014200;35;specs-bos
AVE-NX10034250;NIMAX 1004 T4 55kW;centrifugal-fans;casals;avens-nimax;avens-nimax-santrifuj-fanlar;nimax-1004-t4-55kw-nx10034250;;casals-nimax-1004-t4-55kw-radyal-fan;casals-nimax-1004-t4-55kw-centrifugal-fan;/tr/urun/casals-nimax-1004-t4-55kw-radyal-fan-p-ave-nx10034250;/en/products/casals-nimax-1004-t4-55kw-centrifugal-fan-p-ave-nx10034250;36;specs-bos
AVE-NX313290;NIMAX 314 T2 1,5kW;centrifugal-fans;casals;avens-nimax;avens-nimax-santrifuj-fanlar;nimax-314-t2-1-5kw-nx313290;;casals-nimax-314-t2-1-5kw-radyal-fan;casals-nimax-314-t2-1-5kw-centrifugal-fan;/tr/urun/casals-nimax-314-t2-1-5kw-radyal-fan-p-ave-nx313290;/en/products/casals-nimax-314-t2-1-5kw-centrifugal-fan-p-ave-nx313290;36;specs-bos
AVE-NX353290;NIMAX 354 T2 3kW;centrifugal-fans;casals;avens-nimax;avens-nimax-santrifuj-fanlar;nimax-354-t2-3kw-nx353290;;casals-nimax-354-t2-3kw-radyal-fan;casals-nimax-354-t2-3kw-centrifugal-fan;/tr/urun/casals-nimax-354-t2-3kw-radyal-fan-p-ave-nx353290;/en/products/casals-nimax-354-t2-3kw-centrifugal-fan-p-ave-nx353290;34;specs-bos
AVE-NX353471;NIMAX 354 T4 0,37kW;centrifugal-fans;casals;avens-nimax;avens-nimax-santrifuj-fanlar;nimax-354-t4-0-37kw-nx353471;;casals-nimax-354-t4-0-37kw-radyal-fan;casals-nimax-354-t4-0-37kw-centrifugal-fan;/tr/urun/casals-nimax-354-t4-0-37kw-radyal-fan-p-ave-nx353471;/en/products/casals-nimax-354-t4-0-37kw-centrifugal-fan-p-ave-nx353471;37;specs-bos
AVE-NX4032112;NIMAX 404 T2 5,5kW;centrifugal-fans;casals;avens-nimax;avens-nimax-santrifuj-fanlar;nimax-404-t2-5-5kw-nx4032112;;casals-nimax-404-t2-5-5kw-radyal-fan;casals-nimax-404-t2-5-5kw-centrifugal-fan;/tr/urun/casals-nimax-404-t2-5-5kw-radyal-fan-p-ave-nx4032112;/en/products/casals-nimax-404-t2-5-5kw-centrifugal-fan-p-ave-nx4032112;36;specs-bos
AVE-NX403480;NIMAX 404 T4 0,55kW;centrifugal-fans;casals;avens-nimax;avens-nimax-santrifuj-fanlar;nimax-404-t4-0-55kw-nx403480;;casals-nimax-404-t4-0-55kw-radyal-fan;casals-nimax-404-t4-0-55kw-centrifugal-fan;/tr/urun/casals-nimax-404-t4-0-55kw-radyal-fan-p-ave-nx403480;/en/products/casals-nimax-404-t4-0-55kw-centrifugal-fan-p-ave-nx403480;37;specs-bos
AVE-NX4532132;NIMAX 454 T2 11kW;centrifugal-fans;casals;avens-nimax;avens-nimax-santrifuj-fanlar;nimax-454-t2-11kw-nx4532132;;casals-nimax-454-t2-11kw-radyal-fan;casals-nimax-454-t2-11kw-centrifugal-fan;/tr/urun/casals-nimax-454-t2-11kw-radyal-fan-p-ave-nx4532132;/en/products/casals-nimax-454-t2-11kw-centrifugal-fan-p-ave-nx4532132;35;specs-bos
AVE-NX453490;NIMAX 454 T4 1,1kW;centrifugal-fans;casals;avens-nimax;avens-nimax-santrifuj-fanlar;nimax-454-t4-1-1kw-nx453490;;casals-nimax-454-t4-1-1kw-radyal-fan;casals-nimax-454-t4-1-1kw-centrifugal-fan;/tr/urun/casals-nimax-454-t4-1-1kw-radyal-fan-p-ave-nx453490;/en/products/casals-nimax-454-t4-1-1kw-centrifugal-fan-p-ave-nx453490;36;specs-bos
AVE-NX5032160;NIMAX 504 T2 15kW;centrifugal-fans;casals;avens-nimax;avens-nimax-santrifuj-fanlar;nimax-504-t2-15kw-nx5032160;;casals-nimax-504-t2-15kw-radyal-fan;casals-nimax-504-t2-15kw-centrifugal-fan;/tr/urun/casals-nimax-504-t2-15kw-radyal-fan-p-ave-nx5032160;/en/products/casals-nimax-504-t2-15kw-centrifugal-fan-p-ave-nx5032160;35;specs-bos
AVE-NX503490;NIMAX 504 T4 2,2kW;centrifugal-fans;casals;avens-nimax;avens-nimax-santrifuj-fanlar;nimax-504-t4-2-2kw-nx503490;;casals-nimax-504-t4-2-2kw-radyal-fan;casals-nimax-504-t4-2-2kw-centrifugal-fan;/tr/urun/casals-nimax-504-t4-2-2kw-radyal-fan-p-ave-nx503490;/en/products/casals-nimax-504-t4-2-2kw-centrifugal-fan-p-ave-nx503490;36;specs-bos
AVE-NX5634100;NIMAX 564 T4 3kW;centrifugal-fans;casals;avens-nimax;avens-nimax-santrifuj-fanlar;nimax-564-t4-3kw-nx5634100;;casals-nimax-564-t4-3kw-radyal-fan;casals-nimax-564-t4-3kw-centrifugal-fan;/tr/urun/casals-nimax-564-t4-3kw-radyal-fan-p-ave-nx5634100;/en/products/casals-nimax-564-t4-3kw-centrifugal-fan-p-ave-nx5634100;34;specs-bos
AVE-NX6334132;NIMAX 634 T4 5,5kW;centrifugal-fans;casals;avens-nimax;avens-nimax-santrifuj-fanlar;nimax-634-t4-5-5kw-nx6334132;;casals-nimax-634-t4-5-5kw-radyal-fan;casals-nimax-634-t4-5-5kw-centrifugal-fan;/tr/urun/casals-nimax-634-t4-5-5kw-radyal-fan-p-ave-nx6334132;/en/products/casals-nimax-634-t4-5-5kw-centrifugal-fan-p-ave-nx6334132;36;specs-bos
AVE-NX7144160;NIMAX 714 T4 11kW;centrifugal-fans;casals;avens-nimax;avens-nimax-santrifuj-fanlar;nimax-714-t4-11kw-nx7144160;;casals-nimax-714-t4-11kw-radyal-fan;casals-nimax-714-t4-11kw-centrifugal-fan;/tr/urun/casals-nimax-714-t4-11kw-radyal-fan-p-ave-nx7144160;/en/products/casals-nimax-714-t4-11kw-centrifugal-fan-p-ave-nx7144160;35;specs-bos
AVE-NX8034180;NIMAX 804 T4 18,5kW;centrifugal-fans;casals;avens-nimax;avens-nimax-santrifuj-fanlar;nimax-804-t4-18-5kw-nx8034180;;casals-nimax-804-t4-18-5kw-radyal-fan;casals-nimax-804-t4-18-5kw-centrifugal-fan;/tr/urun/casals-nimax-804-t4-18-5kw-radyal-fan-p-ave-nx8034180;/en/products/casals-nimax-804-t4-18-5kw-centrifugal-fan-p-ave-nx8034180;37;specs-bos
AVE-NX9034200;NIMAX 904 T4 37kW;centrifugal-fans;casals;avens-nimax;avens-nimax-santrifuj-fanlar;nimax-904-t4-37kw-nx9034200;;casals-nimax-904-t4-37kw-radyal-fan;casals-nimax-904-t4-37kw-centrifugal-fan;/tr/urun/casals-nimax-904-t4-37kw-radyal-fan-p-ave-nx9034200;/en/products/casals-nimax-904-t4-37kw-centrifugal-fan-p-ave-nx9034200;35;specs-bos
DAN-80101;FC-51 - 220V - 0,37kW Frekans Konvertörü;frequency-converters;danfoss;danfoss-fc51;danfoss-vlt-micro-drive-fc-51;fc-51-220v-0-37kw-frekans-inventoru-80101;;danfoss-fc-51-220v-0-37kw-frekans-konvertoru;danfoss-fc-51-220v-0-37kw-frequency-converter;/tr/urun/danfoss-fc-51-220v-0-37kw-frekans-konvertoru-p-dan-80101;/en/products/danfoss-fc-51-220v-0-37kw-frequency-converter-p-dan-80101;44;kural2
DAN-80102;FC-101 - 380V - 1,5kW Frekans Konvertörü;frequency-converters;danfoss;danfoss-fc101;danfoss-vlt-hvac-basic-drive-fc-101;fc-101-380v-1-5kw-frekans-konvertoru-80102;;danfoss-fc-101-380v-1-5kw-frekans-konvertoru-3faz;danfoss-fc-101-380v-1-5kw-frequency-converter-3faz;/tr/urun/danfoss-fc-101-380v-1-5kw-frekans-konvertoru-3faz-p-dan-80102;/en/products/danfoss-fc-101-380v-1-5kw-frequency-converter-3faz-p-dan-80102;49;kural2
DAN-80103;FC 101-2.2kW Frekans Konvertörü;frequency-converters;danfoss;danfoss-fc101;danfoss-vlt-hvac-basic-drive-fc-101;fc-101-2-2kw-frenkans-konvertoru-80103;;danfoss-fc-101-2-2kw-frekans-konvertoru-480v-3faz;danfoss-fc-101-2-2kw-frequency-converter-480v-3faz;/tr/urun/danfoss-fc-101-2-2kw-frekans-konvertoru-480v-3faz-p-dan-80103;/en/products/danfoss-fc-101-2-2kw-frequency-converter-480v-3faz-p-dan-80103;49;kural2
DAN-80104;FC-101 - 380V - 3kW Frekans Konvertörü;frequency-converters;danfoss;danfoss-fc101;danfoss-vlt-hvac-basic-drive-fc-101;fc-101-380v-3kw-frekans-konvertoru-80104;;danfoss-fc-101-380v-3kw-frekans-konvertoru-3faz;danfoss-fc-101-380v-3kw-frequency-converter-3faz;/tr/urun/danfoss-fc-101-380v-3kw-frekans-konvertoru-3faz-p-dan-80104;/en/products/danfoss-fc-101-380v-3kw-frequency-converter-3faz-p-dan-80104;47;kural2
DAN-80105;FC101P4K0 4;frequency-converters;danfoss;danfoss-fc101;danfoss-vlt-hvac-basic-drive-fc-101;fc101p4k0-4-80105;;danfoss-fc101p4k0-4-frekans-konvertoru-480v-3faz;danfoss-fc101p4k0-4-frequency-converter-480v-3faz;/tr/urun/danfoss-fc101p4k0-4-frekans-konvertoru-480v-3faz-p-dan-80105;/en/products/danfoss-fc101p4k0-4-frequency-converter-480v-3faz-p-dan-80105;48;kural2
DAN-80106;FC-101 - 380V - 5,5kW Frekans Konvertörü;frequency-converters;danfoss;danfoss-fc101;danfoss-vlt-hvac-basic-drive-fc-101;fc-101-380v-5-5kw-frekans-konvertoru-80106;;danfoss-fc-101-380v-5-5kw-frekans-konvertoru-3faz;danfoss-fc-101-380v-5-5kw-frequency-converter-3faz;/tr/urun/danfoss-fc-101-380v-5-5kw-frekans-konvertoru-3faz-p-dan-80106;/en/products/danfoss-fc-101-380v-5-5kw-frequency-converter-3faz-p-dan-80106;49;kural2
DAN-80107;FC101P7K5 7,5;frequency-converters;danfoss;danfoss-fc101;danfoss-vlt-hvac-basic-drive-fc-101;fc101p7k5-7-5-80107;;danfoss-fc101p7k5-7-5-frekans-konvertoru-480v-3faz;danfoss-fc101p7k5-7-5-frequency-converter-480v-3faz;/tr/urun/danfoss-fc101p7k5-7-5-frekans-konvertoru-480v-3faz-p-dan-80107;/en/products/danfoss-fc101p7k5-7-5-frequency-converter-480v-3faz-p-dan-80107;50;kural2
DAN-80108;FC101P11K 11;frequency-converters;danfoss;danfoss-fc101;danfoss-vlt-hvac-basic-drive-fc-101;fc101p11k-11-80108;;danfoss-fc101p11k-11-frekans-konvertoru-480v-3faz;danfoss-fc101p11k-11-frequency-converter-480v-3faz;/tr/urun/danfoss-fc101p11k-11-frekans-konvertoru-480v-3faz-p-dan-80108;/en/products/danfoss-fc101p11k-11-frequency-converter-480v-3faz-p-dan-80108;49;kural2
DAN-80109;FC101P15K 15;frequency-converters;danfoss;danfoss-fc101;danfoss-vlt-hvac-basic-drive-fc-101;fc101p15k-15-80109;;danfoss-fc101p15k-15-frekans-konvertoru-480v-3faz;danfoss-fc101p15k-15-frequency-converter-480v-3faz;/tr/urun/danfoss-fc101p15k-15-frekans-konvertoru-480v-3faz-p-dan-80109;/en/products/danfoss-fc101p15k-15-frequency-converter-480v-3faz-p-dan-80109;49;kural2
DAN-80110;FC101P18K 18,5;frequency-converters;danfoss;danfoss-fc101;danfoss-vlt-hvac-basic-drive-fc-101;fc101p18k-18-5-80110;;danfoss-fc101p18k-18-5-frekans-konvertoru-480v-3faz;danfoss-fc101p18k-18-5-frequency-converter-480v-3faz;/tr/urun/danfoss-fc101p18k-18-5-frekans-konvertoru-480v-3faz-p-dan-80110;/en/products/danfoss-fc101p18k-18-5-frequency-converter-480v-3faz-p-dan-80110;51;kural2
DAN-80111;FC101P22K 22;frequency-converters;danfoss;danfoss-fc101;danfoss-vlt-hvac-basic-drive-fc-101;fc101p22k-22-80111;;danfoss-fc101p22k-22-frekans-konvertoru-480v-3faz;danfoss-fc101p22k-22-frequency-converter-480v-3faz;/tr/urun/danfoss-fc101p22k-22-frekans-konvertoru-480v-3faz-p-dan-80111;/en/products/danfoss-fc101p22k-22-frequency-converter-480v-3faz-p-dan-80111;49;kural2
DAN-80112;FC101P30K 30;frequency-converters;danfoss;danfoss-fc101;danfoss-vlt-hvac-basic-drive-fc-101;fc101p30k-30-80112;;danfoss-fc101p30k-30-frekans-konvertoru-480v-3faz;danfoss-fc101p30k-30-frequency-converter-480v-3faz;/tr/urun/danfoss-fc101p30k-30-frekans-konvertoru-480v-3faz-p-dan-80112;/en/products/danfoss-fc101p30k-30-frequency-converter-480v-3faz-p-dan-80112;49;kural2
DAN-80113;FC101P37K 37;frequency-converters;danfoss;danfoss-fc101;danfoss-vlt-hvac-basic-drive-fc-101;fc101p37k-37-80113;;danfoss-fc101p37k-37-frekans-konvertoru-480v-3faz;danfoss-fc101p37k-37-frequency-converter-480v-3faz;/tr/urun/danfoss-fc101p37k-37-frekans-konvertoru-480v-3faz-p-dan-80113;/en/products/danfoss-fc101p37k-37-frequency-converter-480v-3faz-p-dan-80113;49;kural2
DAN-80114;FC101P45K 45;frequency-converters;danfoss;danfoss-fc101;danfoss-vlt-hvac-basic-drive-fc-101;fc101p45k-45-80114;;danfoss-fc101p45k-45-frekans-konvertoru-480v-3faz;danfoss-fc101p45k-45-frequency-converter-480v-3faz;/tr/urun/danfoss-fc101p45k-45-frekans-konvertoru-480v-3faz-p-dan-80114;/en/products/danfoss-fc101p45k-45-frequency-converter-480v-3faz-p-dan-80114;49;kural2
DAN-80115;FC101P55K 55;frequency-converters;danfoss;danfoss-fc101;danfoss-vlt-hvac-basic-drive-fc-101;fc101p55k-55-80115;;danfoss-fc101p55k-55-frekans-konvertoru-480v-3faz;danfoss-fc101p55k-55-frequency-converter-480v-3faz;/tr/urun/danfoss-fc101p55k-55-frekans-konvertoru-480v-3faz-p-dan-80115;/en/products/danfoss-fc101p55k-55-frequency-converter-480v-3faz-p-dan-80115;49;kural2
DAN-80116;FC101P75K 75;frequency-converters;danfoss;danfoss-fc101;danfoss-vlt-hvac-basic-drive-fc-101;fc101p75k-75-80116;;danfoss-fc101p75k-75-frekans-konvertoru-480v-3faz;danfoss-fc101p75k-75-frequency-converter-480v-3faz;/tr/urun/danfoss-fc101p75k-75-frekans-konvertoru-480v-3faz-p-dan-80116;/en/products/danfoss-fc101p75k-75-frequency-converter-480v-3faz-p-dan-80116;49;kural2
DAN-80117;FC101P90K 90;frequency-converters;danfoss;danfoss-fc101;danfoss-vlt-hvac-basic-drive-fc-101;fc101p90k-90-80117;;danfoss-fc101p90k-90-frekans-konvertoru-480v-3faz;danfoss-fc101p90k-90-frequency-converter-480v-3faz;/tr/urun/danfoss-fc101p90k-90-frekans-konvertoru-480v-3faz-p-dan-80117;/en/products/danfoss-fc101p90k-90-frequency-converter-480v-3faz-p-dan-80117;49;kural2
DAN-80120;FC102P1K1 1,1;frequency-converters;danfoss;danfoss-fc102;danfoss-vlt-hvac-drive-fc-102;fc102p1k1-1-1-80120;;danfoss-fc102p1k1-1-1-frekans-konvertoru-480v-3faz;danfoss-fc102p1k1-1-1-frequency-converter-480v-3faz;/tr/urun/danfoss-fc102p1k1-1-1-frekans-konvertoru-480v-3faz-p-dan-80120;/en/products/danfoss-fc102p1k1-1-1-frequency-converter-480v-3faz-p-dan-80120;50;kural2
DAN-80121;FC102P1K5 1,5;frequency-converters;danfoss;danfoss-fc102;danfoss-vlt-hvac-drive-fc-102;fc102p1k5-1-5-80121;;danfoss-fc102p1k5-1-5-frekans-konvertoru-480v-3faz;danfoss-fc102p1k5-1-5-frequency-converter-480v-3faz;/tr/urun/danfoss-fc102p1k5-1-5-frekans-konvertoru-480v-3faz-p-dan-80121;/en/products/danfoss-fc102p1k5-1-5-frequency-converter-480v-3faz-p-dan-80121;50;kural2
DAN-80122;FC102P2K2 2,2;frequency-converters;danfoss;danfoss-fc102;danfoss-vlt-hvac-drive-fc-102;fc102p2k2-2-2-80122;;danfoss-fc102p2k2-2-2-frekans-konvertoru-480v-3faz;danfoss-fc102p2k2-2-2-frequency-converter-480v-3faz;/tr/urun/danfoss-fc102p2k2-2-2-frekans-konvertoru-480v-3faz-p-dan-80122;/en/products/danfoss-fc102p2k2-2-2-frequency-converter-480v-3faz-p-dan-80122;50;kural2
DAN-80123;FC102P3K0 3;frequency-converters;danfoss;danfoss-fc102;danfoss-vlt-hvac-drive-fc-102;fc102p3k0-3-80123;;danfoss-fc102p3k0-3-frekans-konvertoru-480v;danfoss-fc102p3k0-3-frequency-converter-480v;/tr/urun/danfoss-fc102p3k0-3-frekans-konvertoru-480v-p-dan-80123;/en/products/danfoss-fc102p3k0-3-frequency-converter-480v-p-dan-80123;43;kural2
DAN-80124;FC102P4K0 4;frequency-converters;danfoss;danfoss-fc102;danfoss-vlt-hvac-drive-fc-102;fc102p4k0-4-80124;;danfoss-fc102p4k0-4-frekans-konvertoru-480v-3faz;danfoss-fc102p4k0-4-frequency-converter-480v-3faz;/tr/urun/danfoss-fc102p4k0-4-frekans-konvertoru-480v-3faz-p-dan-80124;/en/products/danfoss-fc102p4k0-4-frequency-converter-480v-3faz-p-dan-80124;48;kural2
DAN-80125;FC102P5K5 5,5;frequency-converters;danfoss;danfoss-fc102;danfoss-vlt-hvac-drive-fc-102;fc102p5k5-5-5-80125;;danfoss-fc102p5k5-5-5-frekans-konvertoru-480v-3faz;danfoss-fc102p5k5-5-5-frequency-converter-480v-3faz;/tr/urun/danfoss-fc102p5k5-5-5-frekans-konvertoru-480v-3faz-p-dan-80125;/en/products/danfoss-fc102p5k5-5-5-frequency-converter-480v-3faz-p-dan-80125;50;kural2
DAN-80126;FC102P7K5 7,5;frequency-converters;danfoss;danfoss-fc102;danfoss-vlt-hvac-drive-fc-102;fc102p7k5-7-5-80126;;danfoss-fc102p7k5-7-5-frekans-konvertoru-480v-3faz;danfoss-fc102p7k5-7-5-frequency-converter-480v-3faz;/tr/urun/danfoss-fc102p7k5-7-5-frekans-konvertoru-480v-3faz-p-dan-80126;/en/products/danfoss-fc102p7k5-7-5-frequency-converter-480v-3faz-p-dan-80126;50;kural2
DAN-80127;FC102P11K 11;frequency-converters;danfoss;danfoss-fc102;danfoss-vlt-hvac-drive-fc-102;fc102p11k-11-80127;;danfoss-fc102p11k-11-frekans-konvertoru-480v-3faz;danfoss-fc102p11k-11-frequency-converter-480v-3faz;/tr/urun/danfoss-fc102p11k-11-frekans-konvertoru-480v-3faz-p-dan-80127;/en/products/danfoss-fc102p11k-11-frequency-converter-480v-3faz-p-dan-80127;49;kural2
DAN-80128;FC102P15K 15;frequency-converters;danfoss;danfoss-fc102;danfoss-vlt-hvac-drive-fc-102;fc102p15k-15-80128;;danfoss-fc102p15k-15-frekans-konvertoru-480v-3faz;danfoss-fc102p15k-15-frequency-converter-480v-3faz;/tr/urun/danfoss-fc102p15k-15-frekans-konvertoru-480v-3faz-p-dan-80128;/en/products/danfoss-fc102p15k-15-frequency-converter-480v-3faz-p-dan-80128;49;kural2
DAN-80129;FC102P18K 18,5;frequency-converters;danfoss;danfoss-fc102;danfoss-vlt-hvac-drive-fc-102;fc102p18k-18-5-80129;;danfoss-fc102p18k-18-5-frekans-konvertoru-480v-3faz;danfoss-fc102p18k-18-5-frequency-converter-480v-3faz;/tr/urun/danfoss-fc102p18k-18-5-frekans-konvertoru-480v-3faz-p-dan-80129;/en/products/danfoss-fc102p18k-18-5-frequency-converter-480v-3faz-p-dan-80129;51;kural2
DAN-80130;FC102P22K 22;frequency-converters;danfoss;danfoss-fc102;danfoss-vlt-hvac-drive-fc-102;fc102p22k-22-80130;;danfoss-fc102p22k-22-frekans-konvertoru-480v-3faz;danfoss-fc102p22k-22-frequency-converter-480v-3faz;/tr/urun/danfoss-fc102p22k-22-frekans-konvertoru-480v-3faz-p-dan-80130;/en/products/danfoss-fc102p22k-22-frequency-converter-480v-3faz-p-dan-80130;49;kural2
DAN-80131;FC102P30K 30;frequency-converters;danfoss;danfoss-fc102;danfoss-vlt-hvac-drive-fc-102;fc102p30k-30-80131;;danfoss-fc102p30k-30-frekans-konvertoru-480v-3faz;danfoss-fc102p30k-30-frequency-converter-480v-3faz;/tr/urun/danfoss-fc102p30k-30-frekans-konvertoru-480v-3faz-p-dan-80131;/en/products/danfoss-fc102p30k-30-frequency-converter-480v-3faz-p-dan-80131;49;kural2
DAN-80132;FC102P37K 37;frequency-converters;danfoss;danfoss-fc102;danfoss-vlt-hvac-drive-fc-102;fc102p37k-37-80132;;danfoss-fc102p37k-37-frekans-konvertoru-480v-3faz;danfoss-fc102p37k-37-frequency-converter-480v-3faz;/tr/urun/danfoss-fc102p37k-37-frekans-konvertoru-480v-3faz-p-dan-80132;/en/products/danfoss-fc102p37k-37-frequency-converter-480v-3faz-p-dan-80132;49;kural2
DAN-80133;FC102P45K 45;frequency-converters;danfoss;danfoss-fc102;danfoss-vlt-hvac-drive-fc-102;fc102p45k-45-80133;;danfoss-fc102p45k-45-frekans-konvertoru-480v-3faz;danfoss-fc102p45k-45-frequency-converter-480v-3faz;/tr/urun/danfoss-fc102p45k-45-frekans-konvertoru-480v-3faz-p-dan-80133;/en/products/danfoss-fc102p45k-45-frequency-converter-480v-3faz-p-dan-80133;49;kural2
DAN-80134;FC102P55K 55;frequency-converters;danfoss;danfoss-fc102;danfoss-vlt-hvac-drive-fc-102;fc102p55k-55-80134;;danfoss-fc102p55k-55-frekans-konvertoru-480v-3faz;danfoss-fc102p55k-55-frequency-converter-480v-3faz;/tr/urun/danfoss-fc102p55k-55-frekans-konvertoru-480v-3faz-p-dan-80134;/en/products/danfoss-fc102p55k-55-frequency-converter-480v-3faz-p-dan-80134;49;kural2
DAN-80135;FC102P75K 75;frequency-converters;danfoss;danfoss-fc102;danfoss-vlt-hvac-drive-fc-102;fc102p75k-75-80135;;danfoss-fc102p75k-75-frekans-konvertoru-480v-3faz;danfoss-fc102p75k-75-frequency-converter-480v-3faz;/tr/urun/danfoss-fc102p75k-75-frekans-konvertoru-480v-3faz-p-dan-80135;/en/products/danfoss-fc102p75k-75-frequency-converter-480v-3faz-p-dan-80135;49;kural2
DAN-80136;FC102P90K 90;frequency-converters;danfoss;danfoss-fc102;danfoss-vlt-hvac-drive-fc-102;fc102p90k-90-80136;;danfoss-fc102p90k-90-frekans-konvertoru-480v-3faz;danfoss-fc102p90k-90-frequency-converter-480v-3faz;/tr/urun/danfoss-fc102p90k-90-frekans-konvertoru-480v-3faz-p-dan-80136;/en/products/danfoss-fc102p90k-90-frequency-converter-480v-3faz-p-dan-80136;49;kural2
NIC-11901;DD 7/7 147W 1F 4P 3V - 6M0678;centrifugal-fans;nicotra-gebhardt;nicotra-gebhardt-dd;nicotra-gebhardt-dd-direkt-akuple-radyal-fanlar;dd-7-7-147w-1f-4p-3v-6m0678-11901;;nicotra-gebhardt-dd-7-7-147w-1f-4p-3v-6m0678-radyal-fan;nicotra-gebhardt-dd-7-7-147w-1f-4p-3v-6m0678-centrifugal-fan;/tr/urun/nicotra-gebhardt-dd-7-7-147w-1f-4p-3v-6m0678-radyal-fan-p-nic-11901;/en/products/nicotra-gebhardt-dd-7-7-147w-1f-4p-3v-6m0678-centrifugal-fan-p-nic-11901;55;KELIME>10 deger-dustu
NIC-11902;DD 9/7 420W 1F 4P 3V - 6M0695;centrifugal-fans;nicotra-gebhardt;nicotra-gebhardt-dd;nicotra-gebhardt-dd-direkt-akuple-radyal-fanlar;dd-9-7-420w-1f-4p-3v-6m0695-11902;;nicotra-gebhardt-dd-9-7-420w-1f-4p-3v-6m0695-radyal-fan;nicotra-gebhardt-dd-9-7-420w-1f-4p-3v-6m0695-centrifugal-fan;/tr/urun/nicotra-gebhardt-dd-9-7-420w-1f-4p-3v-6m0695-radyal-fan-p-nic-11902;/en/products/nicotra-gebhardt-dd-9-7-420w-1f-4p-3v-6m0695-centrifugal-fan-p-nic-11902;55;KELIME>10 deger-dustu
NIC-11905;DD 9/9 750W 1F 4P 3V - 6M06MH;centrifugal-fans;nicotra-gebhardt;nicotra-gebhardt-dd;nicotra-gebhardt-dd-direkt-akuple-radyal-fanlar;dd-9-9-750w-1f-4p-3v-6m06mh-11905;;nicotra-gebhardt-dd-9-9-750w-1f-4p-3v-6m06mh-radyal-fan;nicotra-gebhardt-dd-9-9-750w-1f-4p-3v-6m06mh-centrifugal-fan;/tr/urun/nicotra-gebhardt-dd-9-9-750w-1f-4p-3v-6m06mh-radyal-fan-p-nic-11905;/en/products/nicotra-gebhardt-dd-9-9-750w-1f-4p-3v-6m06mh-centrifugal-fan-p-nic-11905;55;KELIME>10 deger-dustu
NIC-11907;DD 10/10 550W 1F 4P 3V - 6M061U;centrifugal-fans;nicotra-gebhardt;nicotra-gebhardt-dd;nicotra-gebhardt-dd-direkt-akuple-radyal-fanlar;dd-10-10-550w-1f-4p-3v-6m061u-11907;;nicotra-gebhardt-dd-10-10-550w-1f-4p-3v-6m061u-radyal-fan;nicotra-gebhardt-dd-10-10-550w-1f-4p-3v-6m061u-centrifugal-fan;/tr/urun/nicotra-gebhardt-dd-10-10-550w-1f-4p-3v-6m061u-radyal-fan-p-nic-11907;/en/products/nicotra-gebhardt-dd-10-10-550w-1f-4p-3v-6m061u-centrifugal-fan-p-nic-11907;57;KELIME>10 deger-dustu
NIC-11908;DD 10/10 750W 1F 4P 3V - 6M06MF;centrifugal-fans;nicotra-gebhardt;nicotra-gebhardt-dd;nicotra-gebhardt-dd-direkt-akuple-radyal-fanlar;dd-10-10-750w-1f-4p-3v-6m06mf-11908;;nicotra-gebhardt-dd-10-10-750w-1f-4p-3v-6m06mf-radyal-fan;nicotra-gebhardt-dd-10-10-750w-1f-4p-3v-6m06mf-centrifugal-fan;/tr/urun/nicotra-gebhardt-dd-10-10-750w-1f-4p-3v-6m06mf-radyal-fan-p-nic-11908;/en/products/nicotra-gebhardt-dd-10-10-750w-1f-4p-3v-6m06mf-centrifugal-fan-p-nic-11908;57;KELIME>10 deger-dustu
NIC-11909;DD 12/12 735W 1F 6P 3V - 6N06HX;centrifugal-fans;nicotra-gebhardt;nicotra-gebhardt-dd;nicotra-gebhardt-dd-direkt-akuple-radyal-fanlar;dd-12-12-735w-1f-6p-3v-6n06hx-11909;;nicotra-gebhardt-dd-12-12-735w-1f-6p-3v-6n06hx-radyal-fan;nicotra-gebhardt-dd-12-12-735w-1f-6p-3v-6n06hx-centrifugal-fan;/tr/urun/nicotra-gebhardt-dd-12-12-735w-1f-6p-3v-6n06hx-radyal-fan-p-nic-11909;/en/products/nicotra-gebhardt-dd-12-12-735w-1f-6p-3v-6n06hx-centrifugal-fan-p-nic-11909;57;KELIME>10 deger-dustu
NIC-11910;DD 7/7 150W 1F 4P 1V - 610982;centrifugal-fans;nicotra-gebhardt;nicotra-gebhardt-dd;nicotra-gebhardt-dd-direkt-akuple-radyal-fanlar;dd-7-7-150w-1f-4p-1v-610982-11910;;nicotra-gebhardt-dd-7-7-150w-1f-4p-1v-610982-radyal-fan;nicotra-gebhardt-dd-7-7-150w-1f-4p-1v-610982-centrifugal-fan;/tr/urun/nicotra-gebhardt-dd-7-7-150w-1f-4p-1v-610982-radyal-fan-p-nic-11910;/en/products/nicotra-gebhardt-dd-7-7-150w-1f-4p-1v-610982-centrifugal-fan-p-nic-11910;55;KELIME>10 deger-dustu
NIC-11911;DD 9/7 300W 1F 4P 1V - 6M0671;centrifugal-fans;nicotra-gebhardt;nicotra-gebhardt-dd;nicotra-gebhardt-dd-direkt-akuple-radyal-fanlar;dd-9-7-300w-1f-4p-1v-6m0671-11911;;nicotra-gebhardt-dd-9-7-300w-1f-4p-1v-6m0671-radyal-fan;nicotra-gebhardt-dd-9-7-300w-1f-4p-1v-6m0671-centrifugal-fan;/tr/urun/nicotra-gebhardt-dd-9-7-300w-1f-4p-1v-6m0671-radyal-fan-p-nic-11911;/en/products/nicotra-gebhardt-dd-9-7-300w-1f-4p-1v-6m0671-centrifugal-fan-p-nic-11911;55;KELIME>10 deger-dustu
NIC-11912;DD 9/9 373W 1F 4P 1V - 6M0642;centrifugal-fans;nicotra-gebhardt;nicotra-gebhardt-dd;nicotra-gebhardt-dd-direkt-akuple-radyal-fanlar;dd-9-9-373w-1f-4p-1v-6m0642-11912;;nicotra-gebhardt-dd-9-9-373w-1f-4p-1v-6m0642-radyal-fan;nicotra-gebhardt-dd-9-9-373w-1f-4p-1v-6m0642-centrifugal-fan;/tr/urun/nicotra-gebhardt-dd-9-9-373w-1f-4p-1v-6m0642-radyal-fan-p-nic-11912;/en/products/nicotra-gebhardt-dd-9-9-373w-1f-4p-1v-6m0642-centrifugal-fan-p-nic-11912;55;KELIME>10 deger-dustu
NIC-11913;DD 9/9 300W 1F 4P 1V - 6M0661;centrifugal-fans;nicotra-gebhardt;nicotra-gebhardt-dd;nicotra-gebhardt-dd-direkt-akuple-radyal-fanlar;dd-9-9-300w-1f-4p-1v-6m0661-11913;;nicotra-gebhardt-dd-9-9-300w-1f-4p-1v-6m0661-radyal-fan;nicotra-gebhardt-dd-9-9-300w-1f-4p-1v-6m0661-centrifugal-fan;/tr/urun/nicotra-gebhardt-dd-9-9-300w-1f-4p-1v-6m0661-radyal-fan-p-nic-11913;/en/products/nicotra-gebhardt-dd-9-9-300w-1f-4p-1v-6m0661-centrifugal-fan-p-nic-11913;55;KELIME>10 deger-dustu
NIC-11916;DD 10/10 373W 1F 4P 1V - 6M0627;centrifugal-fans;nicotra-gebhardt;nicotra-gebhardt-dd;nicotra-gebhardt-dd-direkt-akuple-radyal-fanlar;dd-10-10-373w-1f-4p-1v-6m0627-11916;;nicotra-gebhardt-dd-10-10-373w-1f-4p-1v-6m0627-radyal-fan;nicotra-gebhardt-dd-10-10-373w-1f-4p-1v-6m0627-centrifugal-fan;/tr/urun/nicotra-gebhardt-dd-10-10-373w-1f-4p-1v-6m0627-radyal-fan-p-nic-11916;/en/products/nicotra-gebhardt-dd-10-10-373w-1f-4p-1v-6m0627-centrifugal-fan-p-nic-11916;57;KELIME>10 deger-dustu
NIC-11920;DD 12/12 1100W 1F 6P 1V - 61091A;centrifugal-fans;nicotra-gebhardt;nicotra-gebhardt-dd;nicotra-gebhardt-dd-direkt-akuple-radyal-fanlar;dd-12-12-1100w-1f-6p-1v-61091a-11920;;nicotra-gebhardt-dd-12-12-1100w-1f-6p-1v-61091a-radyal-fan;nicotra-gebhardt-dd-12-12-1100w-1f-6p-1v-61091a-centrifugal-fan;/tr/urun/nicotra-gebhardt-dd-12-12-1100w-1f-6p-1v-61091a-radyal-fan-p-nic-11920;/en/products/nicotra-gebhardt-dd-12-12-1100w-1f-6p-1v-61091a-centrifugal-fan-p-nic-11920;58;KELIME>10 deger-dustu
NIC-11921;DD 12/12 1500W 3F 4P 2V** - 61090P;centrifugal-fans;nicotra-gebhardt;nicotra-gebhardt-dd;nicotra-gebhardt-dd-direkt-akuple-radyal-fanlar;dd-12-12-1500w-3f-4p-2v-61090p-11921;dd-12-12-1500w-3f-4p-2v-6n090p-11921;nicotra-gebhardt-dd-12-12-1500w-3f-4p-2v-61090p-radyal-fan;nicotra-gebhardt-dd-12-12-1500w-3f-4p-2v-61090p-centrifugal-fan;/tr/urun/nicotra-gebhardt-dd-12-12-1500w-3f-4p-2v-61090p-radyal-fan-p-nic-11921;/en/products/nicotra-gebhardt-dd-12-12-1500w-3f-4p-2v-61090p-centrifugal-fan-p-nic-11921;58;KELIME>10 deger-dustu
NIC-11930;AT 7/7;centrifugal-fans;nicotra-gebhardt;nicotra-gebhardt-at;nicotra-gebhardt-at-cift-emisli-radyal-fanlar;at-7-7-11930;;nicotra-gebhardt-at-7-7-radyal-fan-2300m3h;nicotra-gebhardt-at-7-7-centrifugal-fan-2300m3h;/tr/urun/nicotra-gebhardt-at-7-7-radyal-fan-2300m3h-p-nic-11930;/en/products/nicotra-gebhardt-at-7-7-centrifugal-fan-2300m3h-p-nic-11930;42;
NIC-11931;AT 9/7;centrifugal-fans;nicotra-gebhardt;nicotra-gebhardt-at;nicotra-gebhardt-at-cift-emisli-radyal-fanlar;at-9-7-11931;;nicotra-gebhardt-at-9-7-radyal-fan-5400m3h;nicotra-gebhardt-at-9-7-centrifugal-fan-5400m3h;/tr/urun/nicotra-gebhardt-at-9-7-radyal-fan-5400m3h-p-nic-11931;/en/products/nicotra-gebhardt-at-9-7-centrifugal-fan-5400m3h-p-nic-11931;42;
NIC-11932;AT 9/9;centrifugal-fans;nicotra-gebhardt;nicotra-gebhardt-at;nicotra-gebhardt-at-cift-emisli-radyal-fanlar;at-9-9-11932;;nicotra-gebhardt-at-9-9-radyal-fan-6800m3h;nicotra-gebhardt-at-9-9-centrifugal-fan-6800m3h;/tr/urun/nicotra-gebhardt-at-9-9-radyal-fan-6800m3h-p-nic-11932;/en/products/nicotra-gebhardt-at-9-9-centrifugal-fan-6800m3h-p-nic-11932;42;
NIC-11933;AT 10/8;centrifugal-fans;nicotra-gebhardt;nicotra-gebhardt-at;nicotra-gebhardt-at-cift-emisli-radyal-fanlar;at-10-8-11933;;nicotra-gebhardt-at-10-8-radyal-fan-6600m3h;nicotra-gebhardt-at-10-8-centrifugal-fan-6600m3h;/tr/urun/nicotra-gebhardt-at-10-8-radyal-fan-6600m3h-p-nic-11933;/en/products/nicotra-gebhardt-at-10-8-centrifugal-fan-6600m3h-p-nic-11933;43;
NIC-11934;AT 10/10;centrifugal-fans;nicotra-gebhardt;nicotra-gebhardt-at;nicotra-gebhardt-at-cift-emisli-radyal-fanlar;at-10-10-11934;;nicotra-gebhardt-at-10-10-radyal-fan-8500m3h;nicotra-gebhardt-at-10-10-centrifugal-fan-8500m3h;/tr/urun/nicotra-gebhardt-at-10-10-radyal-fan-8500m3h-p-nic-11934;/en/products/nicotra-gebhardt-at-10-10-centrifugal-fan-8500m3h-p-nic-11934;44;
NIC-11935;AT 12/9;centrifugal-fans;nicotra-gebhardt;nicotra-gebhardt-at;nicotra-gebhardt-at-cift-emisli-radyal-fanlar;at-12-9-11935;;nicotra-gebhardt-at-12-9-radyal-fan-10500m3h;nicotra-gebhardt-at-12-9-centrifugal-fan-10500m3h;/tr/urun/nicotra-gebhardt-at-12-9-radyal-fan-10500m3h-p-nic-11935;/en/products/nicotra-gebhardt-at-12-9-centrifugal-fan-10500m3h-p-nic-11935;44;
NIC-11938;AT 15/15;centrifugal-fans;nicotra-gebhardt;nicotra-gebhardt-at;nicotra-gebhardt-at-cift-emisli-radyal-fanlar;at-15-15-11938;;nicotra-gebhardt-at-15-15-radyal-fan-14900m3h;nicotra-gebhardt-at-15-15-centrifugal-fan-14900m3h;/tr/urun/nicotra-gebhardt-at-15-15-radyal-fan-14900m3h-p-nic-11938;/en/products/nicotra-gebhardt-at-15-15-centrifugal-fan-14900m3h-p-nic-11938;45;
NIC-11939;AT 18/13;centrifugal-fans;nicotra-gebhardt;nicotra-gebhardt-at;nicotra-gebhardt-at-cift-emisli-radyal-fanlar;at-18-13-11939;;nicotra-gebhardt-at-18-13-radyal-fan-18200m3h;nicotra-gebhardt-at-18-13-centrifugal-fan-18200m3h;/tr/urun/nicotra-gebhardt-at-18-13-radyal-fan-18200m3h-p-nic-11939;/en/products/nicotra-gebhardt-at-18-13-centrifugal-fan-18200m3h-p-nic-11939;45;
NIC-11942;ADH-200 E2;centrifugal-fans;nicotra-gebhardt;nicotra-gebhardt-adh;nicotra-gebhardt-adh-sik-kanatli-radyal-fanlar;adh-200-e2-11942;;nicotra-gebhardt-adh-200-e2-radyal-fan-9800m3h-2480pa;nicotra-gebhardt-adh-200-e2-centrifugal-fan-9800m3h-2480pa;/tr/urun/nicotra-gebhardt-adh-200-e2-radyal-fan-9800m3h-2480pa-p-nic-11942;/en/products/nicotra-gebhardt-adh-200-e2-centrifugal-fan-9800m3h-2480pa-p-nic-11942;53;kural2
NIC-11943;ADH-225 E2;centrifugal-fans;nicotra-gebhardt;nicotra-gebhardt-adh;nicotra-gebhardt-adh-sik-kanatli-radyal-fanlar;adh-225-e2-11943;;nicotra-gebhardt-adh-225-e2-radyal-fan-13900m3h-2630pa;nicotra-gebhardt-adh-225-e2-centrifugal-fan-13900m3h-2630pa;/tr/urun/nicotra-gebhardt-adh-225-e2-radyal-fan-13900m3h-2630pa-p-nic-11943;/en/products/nicotra-gebhardt-adh-225-e2-centrifugal-fan-13900m3h-2630pa-p-nic-11943;54;kural2
NIC-11947;ADH-355 E2;centrifugal-fans;nicotra-gebhardt;nicotra-gebhardt-adh;nicotra-gebhardt-adh-sik-kanatli-radyal-fanlar;adh-355-e2-11947;;nicotra-gebhardt-adh-355-e2-radyal-fan-29000m3h-1960pa;nicotra-gebhardt-adh-355-e2-centrifugal-fan-29000m3h-1960pa;/tr/urun/nicotra-gebhardt-adh-355-e2-radyal-fan-29000m3h-1960pa-p-nic-11947;/en/products/nicotra-gebhardt-adh-355-e2-centrifugal-fan-29000m3h-1960pa-p-nic-11947;54;kural2
NIC-11948;ADH-400 E2;centrifugal-fans;nicotra-gebhardt;nicotra-gebhardt-adh;nicotra-gebhardt-adh-sik-kanatli-radyal-fanlar;adh-400-e2-11948;;nicotra-gebhardt-adh-400-e2-radyal-fan-36900m3h-2010pa;nicotra-gebhardt-adh-400-e2-centrifugal-fan-36900m3h-2010pa;/tr/urun/nicotra-gebhardt-adh-400-e2-radyal-fan-36900m3h-2010pa-p-nic-11948;/en/products/nicotra-gebhardt-adh-400-e2-centrifugal-fan-36900m3h-2010pa-p-nic-11948;54;kural2
NIC-11949;ADH-450 E2;centrifugal-fans;nicotra-gebhardt;nicotra-gebhardt-adh;nicotra-gebhardt-adh-sik-kanatli-radyal-fanlar;adh-450-e2-11949;;nicotra-gebhardt-adh-450-e2-radyal-fan-43600m3h-1830pa;nicotra-gebhardt-adh-450-e2-centrifugal-fan-43600m3h-1830pa;/tr/urun/nicotra-gebhardt-adh-450-e2-radyal-fan-43600m3h-1830pa-p-nic-11949;/en/products/nicotra-gebhardt-adh-450-e2-centrifugal-fan-43600m3h-1830pa-p-nic-11949;54;kural2
NIC-11950;ADH-500 E2;centrifugal-fans;nicotra-gebhardt;nicotra-gebhardt-adh;nicotra-gebhardt-adh-sik-kanatli-radyal-fanlar;adh-500-e2-11950;;nicotra-gebhardt-adh-500-e2-radyal-fan-51300m3h-1550pa;nicotra-gebhardt-adh-500-e2-centrifugal-fan-51300m3h-1550pa;/tr/urun/nicotra-gebhardt-adh-500-e2-radyal-fan-51300m3h-1550pa-p-nic-11950;/en/products/nicotra-gebhardt-adh-500-e2-centrifugal-fan-51300m3h-1550pa-p-nic-11950;54;kural2
NIC-11951;ADH-560 E2;centrifugal-fans;nicotra-gebhardt;nicotra-gebhardt-adh;nicotra-gebhardt-adh-sik-kanatli-radyal-fanlar;adh-560-e2-11951;;nicotra-gebhardt-adh-560-e2-radyal-fan-66100m3h-1670pa;nicotra-gebhardt-adh-560-e2-centrifugal-fan-66100m3h-1670pa;/tr/urun/nicotra-gebhardt-adh-560-e2-radyal-fan-66100m3h-1670pa-p-nic-11951;/en/products/nicotra-gebhardt-adh-560-e2-centrifugal-fan-66100m3h-1670pa-p-nic-11951;54;kural2
NIC-11956;ADH-1000-K;centrifugal-fans;nicotra-gebhardt;nicotra-gebhardt-adh;nicotra-gebhardt-adh-sik-kanatli-radyal-fanlar;adh-1000-k-11956;;nicotra-gebhardt-adh-1000-k-radyal-fan-216000m3h-1730pa-995mm;nicotra-gebhardt-adh-1000-k-centrifugal-fan-216000m3h-1730pa-995mm;/tr/urun/nicotra-gebhardt-adh-1000-k-radyal-fan-216000m3h-1730pa-995mm-p-nic-11956;/en/products/nicotra-gebhardt-adh-1000-k-centrifugal-fan-216000m3h-1730pa-995mm-p-nic-11956;61;
NIC-11960;RDH-180 E2;centrifugal-fans;nicotra-gebhardt;nicotra-gebhardt-rdh;nicotra-gebhardt-rdh-seyrek-kanatli-radyal-fanlar;rdh-180-e2-11960;;nicotra-gebhardt-rdh-180-e2-radyal-fan-2900m3h;nicotra-gebhardt-rdh-180-e2-centrifugal-fan-2900m3h;/tr/urun/nicotra-gebhardt-rdh-180-e2-radyal-fan-2900m3h-p-nic-11960;/en/products/nicotra-gebhardt-rdh-180-e2-centrifugal-fan-2900m3h-p-nic-11960;46;kural2
NIC-11961;RDH-200 E2;centrifugal-fans;nicotra-gebhardt;nicotra-gebhardt-rdh;nicotra-gebhardt-rdh-seyrek-kanatli-radyal-fanlar;rdh-200-e2-11961;;nicotra-gebhardt-rdh-200-e2-radyal-fan-3500m3h;nicotra-gebhardt-rdh-200-e2-centrifugal-fan-3500m3h;/tr/urun/nicotra-gebhardt-rdh-200-e2-radyal-fan-3500m3h-p-nic-11961;/en/products/nicotra-gebhardt-rdh-200-e2-centrifugal-fan-3500m3h-p-nic-11961;46;kural2
NIC-11962;RDH-225 E2;centrifugal-fans;nicotra-gebhardt;nicotra-gebhardt-rdh;nicotra-gebhardt-rdh-seyrek-kanatli-radyal-fanlar;rdh-225-e2-11962;;nicotra-gebhardt-rdh-225-e2-radyal-fan-5600m3h;nicotra-gebhardt-rdh-225-e2-centrifugal-fan-5600m3h;/tr/urun/nicotra-gebhardt-rdh-225-e2-radyal-fan-5600m3h-p-nic-11962;/en/products/nicotra-gebhardt-rdh-225-e2-centrifugal-fan-5600m3h-p-nic-11962;46;kural2
NIC-11963;RDH-250 E2;centrifugal-fans;nicotra-gebhardt;nicotra-gebhardt-rdh;nicotra-gebhardt-rdh-seyrek-kanatli-radyal-fanlar;rdh-250-e2-11963;;nicotra-gebhardt-rdh-250-e2-radyal-fan-6400m3h-252mm;nicotra-gebhardt-rdh-250-e2-centrifugal-fan-6400m3h-252mm;/tr/urun/nicotra-gebhardt-rdh-250-e2-radyal-fan-6400m3h-252mm-p-nic-11963;/en/products/nicotra-gebhardt-rdh-250-e2-centrifugal-fan-6400m3h-252mm-p-nic-11963;52;
NIC-11964;RDH-280 E2;centrifugal-fans;nicotra-gebhardt;nicotra-gebhardt-rdh;nicotra-gebhardt-rdh-seyrek-kanatli-radyal-fanlar;rdh-280-e2-11964;;nicotra-gebhardt-rdh-280-e2-radyal-fan-7900m3h-282mm;nicotra-gebhardt-rdh-280-e2-centrifugal-fan-7900m3h-282mm;/tr/urun/nicotra-gebhardt-rdh-280-e2-radyal-fan-7900m3h-282mm-p-nic-11964;/en/products/nicotra-gebhardt-rdh-280-e2-centrifugal-fan-7900m3h-282mm-p-nic-11964;52;
NIC-11969;RDH-500 E2;centrifugal-fans;nicotra-gebhardt;nicotra-gebhardt-rdh;nicotra-gebhardt-rdh-seyrek-kanatli-radyal-fanlar;rdh-500-e2-11969;;nicotra-gebhardt-rdh-500-e2-radyal-fan-25500m3h-502mm;nicotra-gebhardt-rdh-500-e2-centrifugal-fan-25500m3h-502mm;/tr/urun/nicotra-gebhardt-rdh-500-e2-radyal-fan-25500m3h-502mm-p-nic-11969;/en/products/nicotra-gebhardt-rdh-500-e2-centrifugal-fan-25500m3h-502mm-p-nic-11969;53;
SEA-51151000;SEAT 15 · 950 d/dk · 0,18 kW · 380V;acid-resistant-fans;seat;seat-serisi;seat-serisi;seat-15-51151000;;seat-15-korozyon-dayanimli-fan-125mm;seat-15-corrosion-resistant-fan-125mm;/tr/urun/seat-15-korozyon-dayanimli-fan-125mm-p-sea-51151000;/en/products/seat-15-corrosion-resistant-fan-125mm-p-sea-51151000;36;
SEA-51152000;SEAT 15 · 1400 d/dk · 0,18 kW · 380V;acid-resistant-fans;seat;seat-serisi;seat-serisi;seat-15-51152000;;seat-15-korozyon-dayanimli-fan-245m3h-106pa-125mm-380v;seat-15-corrosion-resistant-fan-245m3h-106pa-125mm-380v;/tr/urun/seat-15-korozyon-dayanimli-fan-245m3h-106pa-125mm-380v-p-sea-51152000;/en/products/seat-15-corrosion-resistant-fan-245m3h-106pa-125mm-380v-p-sea-51152000;54;ayirt-eklendi
SEA-51152003;SEAT 15 ATEX · 1400 d/dk · 0,18 kW · 380V;acid-resistant-fans;seat;seat-serisi;seat-serisi;seat-15-atex-51152003;;seat-15-atex-korozyon-dayanimli-fan-245m3h-106pa-125mm;seat-15-atex-corrosion-resistant-fan-245m3h-106pa-125mm;/tr/urun/seat-15-atex-korozyon-dayanimli-fan-245m3h-106pa-125mm-p-sea-51152003;/en/products/seat-15-atex-corrosion-resistant-fan-245m3h-106pa-125mm-p-sea-51152003;54;
SEA-51152010;SEAT 15 · 1400 d/dk · 0,25 kW · 220V;acid-resistant-fans;seat;seat-serisi;seat-serisi;seat-15-51152010;;seat-15-korozyon-dayanimli-fan-245m3h-106pa-125mm-220v;seat-15-corrosion-resistant-fan-245m3h-106pa-125mm-220v;/tr/urun/seat-15-korozyon-dayanimli-fan-245m3h-106pa-125mm-220v-p-sea-51152010;/en/products/seat-15-corrosion-resistant-fan-245m3h-106pa-125mm-220v-p-sea-51152010;54;ayirt-eklendi
SEA-51153000;SEAT 15 · 2800 d/dk · 0,37 kW · 380V;acid-resistant-fans;seat;seat-serisi;seat-serisi;seat-15-51153000;;seat-15-korozyon-dayanimli-fan-414m3h-485pa-125mm-380v;seat-15-corrosion-resistant-fan-414m3h-485pa-125mm-380v;/tr/urun/seat-15-korozyon-dayanimli-fan-414m3h-485pa-125mm-380v-p-sea-51153000;/en/products/seat-15-corrosion-resistant-fan-414m3h-485pa-125mm-380v-p-sea-51153000;54;ayirt-eklendi
SEA-51153003;SEAT 15 ATEX · 2800 d/dk · 0,37 kW · 380V;acid-resistant-fans;seat;seat-serisi;seat-serisi;seat-15-atex-51153003;;seat-15-atex-korozyon-dayanimli-fan-414m3h-485pa-125mm;seat-15-atex-corrosion-resistant-fan-414m3h-485pa-125mm;/tr/urun/seat-15-atex-korozyon-dayanimli-fan-414m3h-485pa-125mm-p-sea-51153003;/en/products/seat-15-atex-corrosion-resistant-fan-414m3h-485pa-125mm-p-sea-51153003;54;
SEA-51153010;SEAT 15 · 2800 d/dk · 0,37 kW · 220V;acid-resistant-fans;seat;seat-serisi;seat-serisi;seat-15-51153010;;seat-15-korozyon-dayanimli-fan-414m3h-485pa-125mm-220v;seat-15-corrosion-resistant-fan-414m3h-485pa-125mm-220v;/tr/urun/seat-15-korozyon-dayanimli-fan-414m3h-485pa-125mm-220v-p-sea-51153010;/en/products/seat-15-corrosion-resistant-fan-414m3h-485pa-125mm-220v-p-sea-51153010;54;ayirt-eklendi
SEA-51201000;SEAT 20 · 950 d/dk · 0,18 kW · 380V;acid-resistant-fans;seat;seat-serisi;seat-serisi;seat-20-51201000;;seat-20-korozyon-dayanimli-fan-160mm;seat-20-corrosion-resistant-fan-160mm;/tr/urun/seat-20-korozyon-dayanimli-fan-160mm-p-sea-51201000;/en/products/seat-20-corrosion-resistant-fan-160mm-p-sea-51201000;36;
SEA-51201003;SEAT 20 ATEX · 950 d/dk · 0,18 kW · 380V;acid-resistant-fans;seat;seat-serisi;seat-serisi;seat-20-atex-51201003;;seat-20-atex-korozyon-dayanimli-fan-160mm;seat-20-atex-corrosion-resistant-fan-160mm;/tr/urun/seat-20-atex-korozyon-dayanimli-fan-160mm-p-sea-51201003;/en/products/seat-20-atex-corrosion-resistant-fan-160mm-p-sea-51201003;41;
SEA-51202000;SEAT 20 · 1400 d/dk · 0,18 kW · 380V;acid-resistant-fans;seat;seat-serisi;seat-serisi;seat-20-51202000;;seat-20-korozyon-dayanimli-fan-760m3h-188pa-160mm-380v;seat-20-corrosion-resistant-fan-760m3h-188pa-160mm-380v;/tr/urun/seat-20-korozyon-dayanimli-fan-760m3h-188pa-160mm-380v-p-sea-51202000;/en/products/seat-20-corrosion-resistant-fan-760m3h-188pa-160mm-380v-p-sea-51202000;54;ayirt-eklendi
SEA-51202003;SEAT 20 ATEX · 1400 d/dk · 0,18 kW · 380V;acid-resistant-fans;seat;seat-serisi;seat-serisi;seat-20-atex-51202003;;seat-20-atex-korozyon-dayanimli-fan-760m3h-188pa-160mm;seat-20-atex-corrosion-resistant-fan-760m3h-188pa-160mm;/tr/urun/seat-20-atex-korozyon-dayanimli-fan-760m3h-188pa-160mm-p-sea-51202003;/en/products/seat-20-atex-corrosion-resistant-fan-760m3h-188pa-160mm-p-sea-51202003;54;
SEA-51202010;SEAT 20 · 1400 d/dk · 0,25 kW · 220V;acid-resistant-fans;seat;seat-serisi;seat-serisi;seat-20-51202010;;seat-20-korozyon-dayanimli-fan-760m3h-188pa-160mm-220v;seat-20-corrosion-resistant-fan-760m3h-188pa-160mm-220v;/tr/urun/seat-20-korozyon-dayanimli-fan-760m3h-188pa-160mm-220v-p-sea-51202010;/en/products/seat-20-corrosion-resistant-fan-760m3h-188pa-160mm-220v-p-sea-51202010;54;ayirt-eklendi
SEA-51203000;SEAT 20 · 2800 d/dk · 0,75 kW · 380V;acid-resistant-fans;seat;seat-serisi;seat-serisi;seat-20-51203000;;seat-20-korozyon-dayanimli-fan-1500m3h-735pa-160mm-380v-0-75kw;seat-20-corrosion-resistant-fan-1500m3h-735pa-160mm-380v-0-75kw;/tr/urun/seat-20-korozyon-dayanimli-fan-1500m3h-735pa-160mm-380v-0-75kw-p-sea-51203000;/en/products/seat-20-corrosion-resistant-fan-1500m3h-735pa-160mm-380v-0-75kw-p-sea-51203000;62;ayirt-eklendi ayirt-eklendi
SEA-51203001;SEAT 20 · 2800 d/dk · 1,1 kW · 380V;acid-resistant-fans;seat;seat-serisi;seat-serisi;seat-20-51203001;;seat-20-korozyon-dayanimli-fan-1500m3h-735pa-160mm-380v-1-1kw;seat-20-corrosion-resistant-fan-1500m3h-735pa-160mm-380v-1-1kw;/tr/urun/seat-20-korozyon-dayanimli-fan-1500m3h-735pa-160mm-380v-1-1kw-p-sea-51203001;/en/products/seat-20-corrosion-resistant-fan-1500m3h-735pa-160mm-380v-1-1kw-p-sea-51203001;61;ayirt-eklendi ayirt-eklendi
SEA-51203003;SEAT 20 ATEX · 2800 d/dk · 0,75 kW · 380V;acid-resistant-fans;seat;seat-serisi;seat-serisi;seat-20-atex-51203003;;seat-20-atex-korozyon-dayanimli-fan-1500m3h-735pa-160mm;seat-20-atex-corrosion-resistant-fan-1500m3h-735pa-160mm;/tr/urun/seat-20-atex-korozyon-dayanimli-fan-1500m3h-735pa-160mm-p-sea-51203003;/en/products/seat-20-atex-corrosion-resistant-fan-1500m3h-735pa-160mm-p-sea-51203003;55;
SEA-51203010;SEAT 20 · 2800 d/dk · 0,75 kW · 220V;acid-resistant-fans;seat;seat-serisi;seat-serisi;seat-20-51203010;;seat-20-korozyon-dayanimli-fan-1500m3h-735pa-160mm-220v;seat-20-corrosion-resistant-fan-1500m3h-735pa-160mm-220v;/tr/urun/seat-20-korozyon-dayanimli-fan-1500m3h-735pa-160mm-220v-p-sea-51203010;/en/products/seat-20-corrosion-resistant-fan-1500m3h-735pa-160mm-220v-p-sea-51203010;55;ayirt-eklendi
SEA-51251000;SEAT 25 · 950 d/dk · 0,18 kW · 380V;acid-resistant-fans;seat;seat-serisi;seat-serisi;seat-25-51251000;;seat-25-korozyon-dayanimli-fan-200mm;seat-25-corrosion-resistant-fan-200mm;/tr/urun/seat-25-korozyon-dayanimli-fan-200mm-p-sea-51251000;/en/products/seat-25-corrosion-resistant-fan-200mm-p-sea-51251000;36;
SEA-51251003;SEAT 25 ATEX · 950 d/dk · 0,18 kW · 380V;acid-resistant-fans;seat;seat-serisi;seat-serisi;seat-25-atex-51251003;;seat-25-atex-korozyon-dayanimli-fan-200mm;seat-25-atex-corrosion-resistant-fan-200mm;/tr/urun/seat-25-atex-korozyon-dayanimli-fan-200mm-p-sea-51251003;/en/products/seat-25-atex-corrosion-resistant-fan-200mm-p-sea-51251003;41;
SEA-51252000;SEAT 25 · 1400 d/dk · 0,37 kW · 380V;acid-resistant-fans;seat;seat-serisi;seat-serisi;seat-25-51252000;;seat-25-korozyon-dayanimli-fan-1330m3h-322pa-200mm-380v;seat-25-corrosion-resistant-fan-1330m3h-322pa-200mm-380v;/tr/urun/seat-25-korozyon-dayanimli-fan-1330m3h-322pa-200mm-380v-p-sea-51252000;/en/products/seat-25-corrosion-resistant-fan-1330m3h-322pa-200mm-380v-p-sea-51252000;55;ayirt-eklendi
SEA-51252003;SEAT 25 ATEX · 1400 d/dk · 0,37 kW · 380V;acid-resistant-fans;seat;seat-serisi;seat-serisi;seat-25-atex-51252003;;seat-25-atex-korozyon-dayanimli-fan-1330m3h-322pa-200mm;seat-25-atex-corrosion-resistant-fan-1330m3h-322pa-200mm;/tr/urun/seat-25-atex-korozyon-dayanimli-fan-1330m3h-322pa-200mm-p-sea-51252003;/en/products/seat-25-atex-corrosion-resistant-fan-1330m3h-322pa-200mm-p-sea-51252003;55;
SEA-51252010;SEAT 25 · 1400 d/dk · 0,37 kW · 220V;acid-resistant-fans;seat;seat-serisi;seat-serisi;seat-25-51252010;;seat-25-korozyon-dayanimli-fan-1330m3h-322pa-200mm-220v;seat-25-corrosion-resistant-fan-1330m3h-322pa-200mm-220v;/tr/urun/seat-25-korozyon-dayanimli-fan-1330m3h-322pa-200mm-220v-p-sea-51252010;/en/products/seat-25-corrosion-resistant-fan-1330m3h-322pa-200mm-220v-p-sea-51252010;55;ayirt-eklendi
SEA-51253000;SEAT 25 · 2800 d/dk · 2,2 kW · 380V;acid-resistant-fans;seat;seat-serisi;seat-serisi;seat-25-51253000;;seat-25-korozyon-dayanimli-fan-2630m3h-1261pa-200mm-2-2kw;seat-25-corrosion-resistant-fan-2630m3h-1261pa-200mm-2-2kw;/tr/urun/seat-25-korozyon-dayanimli-fan-2630m3h-1261pa-200mm-2-2kw-p-sea-51253000;/en/products/seat-25-corrosion-resistant-fan-2630m3h-1261pa-200mm-2-2kw-p-sea-51253000;57;ayirt-eklendi
SEA-51253001;SEAT 25 · 2800 d/dk · 1,5 kW · 380V;acid-resistant-fans;seat;seat-serisi;seat-serisi;seat-25-51253001;;seat-25-korozyon-dayanimli-fan-2630m3h-1261pa-200mm-1-5kw;seat-25-corrosion-resistant-fan-2630m3h-1261pa-200mm-1-5kw;/tr/urun/seat-25-korozyon-dayanimli-fan-2630m3h-1261pa-200mm-1-5kw-p-sea-51253001;/en/products/seat-25-corrosion-resistant-fan-2630m3h-1261pa-200mm-1-5kw-p-sea-51253001;57;ayirt-eklendi
SEA-51253003;SEAT 25 ATEX · 2800 d/dk · 2,2 kW · 380V;acid-resistant-fans;seat;seat-serisi;seat-serisi;seat-25-atex-51253003;;seat-25-atex-korozyon-dayanimli-fan-2630m3h-1261pa-200mm;seat-25-atex-corrosion-resistant-fan-2630m3h-1261pa-200mm;/tr/urun/seat-25-atex-korozyon-dayanimli-fan-2630m3h-1261pa-200mm-p-sea-51253003;/en/products/seat-25-atex-corrosion-resistant-fan-2630m3h-1261pa-200mm-p-sea-51253003;56;
SEA-51253300;SEAT 25 · 2800 d/dk · 3 kW · 380V;acid-resistant-fans;seat;seat-serisi;seat-serisi;seat-25-51253300;;seat-25-korozyon-dayanimli-fan-2630m3h-1261pa-200mm-3kw;seat-25-corrosion-resistant-fan-2630m3h-1261pa-200mm-3kw;/tr/urun/seat-25-korozyon-dayanimli-fan-2630m3h-1261pa-200mm-3kw-p-sea-51253300;/en/products/seat-25-corrosion-resistant-fan-2630m3h-1261pa-200mm-3kw-p-sea-51253300;55;ayirt-eklendi
SEA-51301000;SEAT 30 · 950 d/dk · 0,55 kW · 380V;acid-resistant-fans;seat;seat-serisi;seat-serisi;seat-30-51301000;;seat-30-korozyon-dayanimli-fan-1590m3h-206pa-250mm;seat-30-corrosion-resistant-fan-1590m3h-206pa-250mm;/tr/urun/seat-30-korozyon-dayanimli-fan-1590m3h-206pa-250mm-p-sea-51301000;/en/products/seat-30-corrosion-resistant-fan-1590m3h-206pa-250mm-p-sea-51301000;50;
SEA-51302000;SEAT 30 · 1400 d/dk · 1,1 kW · 380V;acid-resistant-fans;seat;seat-serisi;seat-serisi;seat-30-51302000;;seat-30-korozyon-dayanimli-fan-2476m3h-500pa-250mm-380v;seat-30-corrosion-resistant-fan-2476m3h-500pa-250mm-380v;/tr/urun/seat-30-korozyon-dayanimli-fan-2476m3h-500pa-250mm-380v-p-sea-51302000;/en/products/seat-30-corrosion-resistant-fan-2476m3h-500pa-250mm-380v-p-sea-51302000;55;ayirt-eklendi
SEA-51302003;SEAT 30 ATEX · 1400 d/dk · 1,1 kW · 380V;acid-resistant-fans;seat;seat-serisi;seat-serisi;seat-30-atex-51302003;;seat-30-atex-korozyon-dayanimli-fan-2476m3h-500pa-250mm;seat-30-atex-corrosion-resistant-fan-2476m3h-500pa-250mm;/tr/urun/seat-30-atex-korozyon-dayanimli-fan-2476m3h-500pa-250mm-p-sea-51302003;/en/products/seat-30-atex-corrosion-resistant-fan-2476m3h-500pa-250mm-p-sea-51302003;55;
SEA-51302010;SEAT 30 · 1400 d/dk · 1,1 kW · 220V;acid-resistant-fans;seat;seat-serisi;seat-serisi;seat-30-51302010;;seat-30-korozyon-dayanimli-fan-2476m3h-500pa-250mm-220v;seat-30-corrosion-resistant-fan-2476m3h-500pa-250mm-220v;/tr/urun/seat-30-korozyon-dayanimli-fan-2476m3h-500pa-250mm-220v-p-sea-51302010;/en/products/seat-30-corrosion-resistant-fan-2476m3h-500pa-250mm-220v-p-sea-51302010;55;ayirt-eklendi
SEA-51350000;SEAT 35 · 750 d/dk · 1,5 kW · 380V;acid-resistant-fans;seat;seat-serisi;seat-serisi;seat-35-51350000;;seat-35-korozyon-dayanimli-fan-315mm;seat-35-corrosion-resistant-fan-315mm;/tr/urun/seat-35-korozyon-dayanimli-fan-315mm-p-sea-51350000;/en/products/seat-35-corrosion-resistant-fan-315mm-p-sea-51350000;36;
SEA-51351000;SEAT 35 · 950 d/dk · 2,2 kW · 380V;acid-resistant-fans;seat;seat-serisi;seat-serisi;seat-35-51351000;;seat-35-korozyon-dayanimli-fan-3770m3h-290pa-315mm;seat-35-corrosion-resistant-fan-3770m3h-290pa-315mm;/tr/urun/seat-35-korozyon-dayanimli-fan-3770m3h-290pa-315mm-p-sea-51351000;/en/products/seat-35-corrosion-resistant-fan-3770m3h-290pa-315mm-p-sea-51351000;50;
SEA-51351003;SEAT 35 ATEX · 950 d/dk · 2,2 kW · 380V;acid-resistant-fans;seat;seat-serisi;seat-serisi;seat-35-atex-51351003;;seat-35-atex-korozyon-dayanimli-fan-3770m3h-290pa-315mm;seat-35-atex-corrosion-resistant-fan-3770m3h-290pa-315mm;/tr/urun/seat-35-atex-korozyon-dayanimli-fan-3770m3h-290pa-315mm-p-sea-51351003;/en/products/seat-35-atex-corrosion-resistant-fan-3770m3h-290pa-315mm-p-sea-51351003;55;
SEA-51352000;SEAT 35 · 1400 d/dk · 5,5 kW · 380V;acid-resistant-fans;seat;seat-serisi;seat-serisi;seat-35-51352000;;seat-35-korozyon-dayanimli-fan-5880m3h-704pa-315mm-5-5kw;seat-35-corrosion-resistant-fan-5880m3h-704pa-315mm-5-5kw;/tr/urun/seat-35-korozyon-dayanimli-fan-5880m3h-704pa-315mm-5-5kw-p-sea-51352000;/en/products/seat-35-corrosion-resistant-fan-5880m3h-704pa-315mm-5-5kw-p-sea-51352000;56;ayirt-eklendi
SEA-51352001;SEAT 35 · 1400 d/dk · 7,5 kW · 380V;acid-resistant-fans;seat;seat-serisi;seat-serisi;seat-35-51352001;;seat-35-korozyon-dayanimli-fan-5880m3h-704pa-315mm-7-5kw;seat-35-corrosion-resistant-fan-5880m3h-704pa-315mm-7-5kw;/tr/urun/seat-35-korozyon-dayanimli-fan-5880m3h-704pa-315mm-7-5kw-p-sea-51352001;/en/products/seat-35-corrosion-resistant-fan-5880m3h-704pa-315mm-7-5kw-p-sea-51352001;56;ayirt-eklendi
SEA-51352003;SEAT 35 ATEX · 1400 d/dk · 5,5 kW · 380V;acid-resistant-fans;seat;seat-serisi;seat-serisi;seat-35-atex-51352003;;seat-35-atex-korozyon-dayanimli-fan-5880m3h-704pa-315mm-5-5kw;seat-35-atex-corrosion-resistant-fan-5880m3h-704pa-315mm-5-5kw;/tr/urun/seat-35-atex-korozyon-dayanimli-fan-5880m3h-704pa-315mm-5-5kw-p-sea-51352003;/en/products/seat-35-atex-corrosion-resistant-fan-5880m3h-704pa-315mm-5-5kw-p-sea-51352003;61;ayirt-eklendi
SEA-51352004;SEAT 35 ATEX · 1400 d/dk · 7,5 kW · 380V;acid-resistant-fans;seat;seat-serisi;seat-serisi;seat-35-atex-51352004;;seat-35-atex-korozyon-dayanimli-fan-5880m3h-704pa-315mm-7-5kw;seat-35-atex-corrosion-resistant-fan-5880m3h-704pa-315mm-7-5kw;/tr/urun/seat-35-atex-korozyon-dayanimli-fan-5880m3h-704pa-315mm-7-5kw-p-sea-51352004;/en/products/seat-35-atex-corrosion-resistant-fan-5880m3h-704pa-315mm-7-5kw-p-sea-51352004;61;ayirt-eklendi
SEA-51352400;SEAT 35 · 1400 d/dk · 4 kW · 380V;acid-resistant-fans;seat;seat-serisi;seat-serisi;seat-35-51352400;;seat-35-korozyon-dayanimli-fan-5880m3h-704pa-315mm-4kw;seat-35-corrosion-resistant-fan-5880m3h-704pa-315mm-4kw;/tr/urun/seat-35-korozyon-dayanimli-fan-5880m3h-704pa-315mm-4kw-p-sea-51352400;/en/products/seat-35-corrosion-resistant-fan-5880m3h-704pa-315mm-4kw-p-sea-51352400;54;ayirt-eklendi
SEA-51501000;SEAT 50 · 950 d/dk · 4 kW · 380V;acid-resistant-fans;seat;seat-serisi;seat-serisi;seat-50-51501000;;seat-50-korozyon-dayanimli-fan-5100m3h-723pa;seat-50-corrosion-resistant-fan-5100m3h-723pa;/tr/urun/seat-50-korozyon-dayanimli-fan-5100m3h-723pa-p-sea-51501000;/en/products/seat-50-corrosion-resistant-fan-5100m3h-723pa-p-sea-51501000;44;
SEA-51502000;SEAT 50 · 1400 d/dk · 5,5 kW · 380V;acid-resistant-fans;seat;seat-serisi;seat-serisi;seat-50-51502000;;seat-50-korozyon-dayanimli-fan-7950m3h-1757pa;seat-50-corrosion-resistant-fan-7950m3h-1757pa;/tr/urun/seat-50-korozyon-dayanimli-fan-7950m3h-1757pa-p-sea-51502000;/en/products/seat-50-corrosion-resistant-fan-7950m3h-1757pa-p-sea-51502000;45;
SEA-51502003;SEAT 50 ATEX · 1400 d/dk · 5,5 kW · 380V;acid-resistant-fans;seat;seat-serisi;seat-serisi;seat-50-atex-51502003;;seat-50-atex-korozyon-dayanimli-fan-7950m3h-1757pa;seat-50-atex-corrosion-resistant-fan-7950m3h-1757pa;/tr/urun/seat-50-atex-korozyon-dayanimli-fan-7950m3h-1757pa-p-sea-51502003;/en/products/seat-50-atex-corrosion-resistant-fan-7950m3h-1757pa-p-sea-51502003;50;
SEA-61102000;STORM 10 · 1400 d/dk · 0,06 kW · 380V;acid-resistant-fans;seat;storm-serisi;storm-serisi;storm-10-61102000;;seat-storm-10-korozyon-dayanimli-fan-200m3h-600pa-75mm-380v-0-06kw;seat-storm-10-corrosion-resistant-fan-200m3h-600pa-75mm-380v-0-06kw;/tr/urun/seat-storm-10-korozyon-dayanimli-fan-200m3h-600pa-75mm-380v-0-06kw-p-sea-61102000;/en/products/seat-storm-10-corrosion-resistant-fan-200m3h-600pa-75mm-380v-0-06kw-p-sea-61102000;66;ayirt-eklendi ayirt-eklendi
SEA-61102003;STORM 10 ATEX · 1400 d/dk · 0,06 kW · 380V;acid-resistant-fans;seat;storm-serisi;storm-serisi;storm-10-atex-61102003;;seat-storm-10-atex-korozyon-dayanimli-fan-200m3h-600pa-75mm-0-06kw;seat-storm-10-atex-corrosion-resistant-fan-200m3h-600pa-75mm-0-06kw;/tr/urun/seat-storm-10-atex-korozyon-dayanimli-fan-200m3h-600pa-75mm-0-06kw-p-sea-61102003;/en/products/seat-storm-10-atex-corrosion-resistant-fan-200m3h-600pa-75mm-0-06kw-p-sea-61102003;66;ayirt-eklendi
SEA-61102010;STORM 10 XRM · 1400 d/dk · 0,06 kW · 220V;acid-resistant-fans;seat;storm-serisi;storm-serisi;storm-10-xrm-61102010;;seat-storm-10-xrm-korozyon-dayanimli-fan-200m3h-600pa-75mm;seat-storm-10-xrm-corrosion-resistant-fan-200m3h-600pa-75mm;/tr/urun/seat-storm-10-xrm-korozyon-dayanimli-fan-200m3h-600pa-75mm-p-sea-61102010;/en/products/seat-storm-10-xrm-corrosion-resistant-fan-200m3h-600pa-75mm-p-sea-61102010;58;
SEA-61103000;STORM 10 · 2800 d/dk · 0,09 kW · 380V;acid-resistant-fans;seat;storm-serisi;storm-serisi;storm-10-61103000;;seat-storm-10-korozyon-dayanimli-fan-200m3h-600pa-75mm-380v-0-09kw;seat-storm-10-corrosion-resistant-fan-200m3h-600pa-75mm-380v-0-09kw;/tr/urun/seat-storm-10-korozyon-dayanimli-fan-200m3h-600pa-75mm-380v-0-09kw-p-sea-61103000;/en/products/seat-storm-10-corrosion-resistant-fan-200m3h-600pa-75mm-380v-0-09kw-p-sea-61103000;66;ayirt-eklendi ayirt-eklendi
SEA-61103003;STORM 10 ATEX · 2800 d/dk · 0,12 kW · 380V;acid-resistant-fans;seat;storm-serisi;storm-serisi;storm-10-atex-61103003;;seat-storm-10-atex-korozyon-dayanimli-fan-200m3h-600pa-75mm-0-12kw;seat-storm-10-atex-corrosion-resistant-fan-200m3h-600pa-75mm-0-12kw;/tr/urun/seat-storm-10-atex-korozyon-dayanimli-fan-200m3h-600pa-75mm-0-12kw-p-sea-61103003;/en/products/seat-storm-10-atex-corrosion-resistant-fan-200m3h-600pa-75mm-0-12kw-p-sea-61103003;66;ayirt-eklendi
SEA-61103010;STORM 10 · 2800 d/dk · 0,09 kW · 220V;acid-resistant-fans;seat;storm-serisi;storm-serisi;storm-10-61103010;;seat-storm-10-korozyon-dayanimli-fan-200m3h-600pa-75mm-220v-0-09kw;seat-storm-10-corrosion-resistant-fan-200m3h-600pa-75mm-220v-0-09kw;/tr/urun/seat-storm-10-korozyon-dayanimli-fan-200m3h-600pa-75mm-220v-0-09kw-p-sea-61103010;/en/products/seat-storm-10-corrosion-resistant-fan-200m3h-600pa-75mm-220v-0-09kw-p-sea-61103010;66;ayirt-eklendi ayirt-eklendi
SEA-61103110;STORM 10 · 1400 d/dk · 0,06 kW · 220V;acid-resistant-fans;seat;storm-serisi;storm-serisi;storm-10-61103110;;seat-storm-10-korozyon-dayanimli-fan-200m3h-600pa-75mm-220v-0-06kw;seat-storm-10-corrosion-resistant-fan-200m3h-600pa-75mm-220v-0-06kw;/tr/urun/seat-storm-10-korozyon-dayanimli-fan-200m3h-600pa-75mm-220v-0-06kw-p-sea-61103110;/en/products/seat-storm-10-corrosion-resistant-fan-200m3h-600pa-75mm-220v-0-06kw-p-sea-61103110;66;ayirt-eklendi ayirt-eklendi
SEA-61122000;STORM 12 · 1400 d/dk · 0,25 kW · 380V;acid-resistant-fans;seat;storm-serisi;storm-serisi;storm-12-61122000;;seat-storm-12-korozyon-dayanimli-fan-500m3h-167pa-90mm-380v;seat-storm-12-corrosion-resistant-fan-500m3h-167pa-90mm-380v;/tr/urun/seat-storm-12-korozyon-dayanimli-fan-500m3h-167pa-90mm-380v-p-sea-61122000;/en/products/seat-storm-12-corrosion-resistant-fan-500m3h-167pa-90mm-380v-p-sea-61122000;59;ayirt-eklendi
SEA-61122003;STORM 12 ATEX · 1400 d/dk · 0,25 kW · 380V;acid-resistant-fans;seat;storm-serisi;storm-serisi;storm-12-atex-61122003;;seat-storm-12-atex-korozyon-dayanimli-fan-500m3h-167pa-90mm;seat-storm-12-atex-corrosion-resistant-fan-500m3h-167pa-90mm;/tr/urun/seat-storm-12-atex-korozyon-dayanimli-fan-500m3h-167pa-90mm-p-sea-61122003;/en/products/seat-storm-12-atex-corrosion-resistant-fan-500m3h-167pa-90mm-p-sea-61122003;59;
SEA-61122010;STORM 12 · 1400 d/dk · 0,25 kW · 220V;acid-resistant-fans;seat;storm-serisi;storm-serisi;storm-12-61122010;;seat-storm-12-korozyon-dayanimli-fan-500m3h-167pa-90mm-220v;seat-storm-12-corrosion-resistant-fan-500m3h-167pa-90mm-220v;/tr/urun/seat-storm-12-korozyon-dayanimli-fan-500m3h-167pa-90mm-220v-p-sea-61122010;/en/products/seat-storm-12-corrosion-resistant-fan-500m3h-167pa-90mm-220v-p-sea-61122010;59;ayirt-eklendi
SEA-61123000;STORM 12 · 2800 d/dk · 0,37 kW · 380V;acid-resistant-fans;seat;storm-serisi;storm-serisi;storm-12-61123000;;seat-storm-12-korozyon-dayanimli-fan-500m3h-652pa-90mm-380v;seat-storm-12-corrosion-resistant-fan-500m3h-652pa-90mm-380v;/tr/urun/seat-storm-12-korozyon-dayanimli-fan-500m3h-652pa-90mm-380v-p-sea-61123000;/en/products/seat-storm-12-corrosion-resistant-fan-500m3h-652pa-90mm-380v-p-sea-61123000;59;ayirt-eklendi
SEA-61123003;STORM 12 ATEX · 2800 d/dk · 0,37 kW · 380V;acid-resistant-fans;seat;storm-serisi;storm-serisi;storm-12-atex-61123003;;seat-storm-12-atex-korozyon-dayanimli-fan-500m3h-652pa-90mm;seat-storm-12-atex-corrosion-resistant-fan-500m3h-652pa-90mm;/tr/urun/seat-storm-12-atex-korozyon-dayanimli-fan-500m3h-652pa-90mm-p-sea-61123003;/en/products/seat-storm-12-atex-corrosion-resistant-fan-500m3h-652pa-90mm-p-sea-61123003;59;
SEA-61123010;STORM 12 · 2800 d/dk · 0,37 kW · 220V;acid-resistant-fans;seat;storm-serisi;storm-serisi;storm-12-61123010;;seat-storm-12-korozyon-dayanimli-fan-500m3h-652pa-90mm-220v;seat-storm-12-corrosion-resistant-fan-500m3h-652pa-90mm-220v;/tr/urun/seat-storm-12-korozyon-dayanimli-fan-500m3h-652pa-90mm-220v-p-sea-61123010;/en/products/seat-storm-12-corrosion-resistant-fan-500m3h-652pa-90mm-220v-p-sea-61123010;59;ayirt-eklendi
SEA-61143000;STORM 14 · 2800 d/dk · 1,1 kW · 380V;acid-resistant-fans;seat;storm-serisi;storm-serisi;storm-14-61143000;;seat-storm-14-korozyon-dayanimli-fan-1000m3h-1700pa-125mm-380v;seat-storm-14-corrosion-resistant-fan-1000m3h-1700pa-125mm-380v;/tr/urun/seat-storm-14-korozyon-dayanimli-fan-1000m3h-1700pa-125mm-380v-p-sea-61143000;/en/products/seat-storm-14-corrosion-resistant-fan-1000m3h-1700pa-125mm-380v-p-sea-61143000;62;ayirt-eklendi
SEA-61143003;STORM 14 ATEX · 2800 d/dk · 1,1 kW · 380V;acid-resistant-fans;seat;storm-serisi;storm-serisi;storm-14-atex-61143003;;seat-storm-14-atex-korozyon-dayanimli-fan-1000m3h-1700pa-125mm;seat-storm-14-atex-corrosion-resistant-fan-1000m3h-1700pa-125mm;/tr/urun/seat-storm-14-atex-korozyon-dayanimli-fan-1000m3h-1700pa-125mm-p-sea-61143003;/en/products/seat-storm-14-atex-corrosion-resistant-fan-1000m3h-1700pa-125mm-p-sea-61143003;62;
SEA-61143010;STORM 14 · 2800 d/dk · 1,1 kW · 220V;acid-resistant-fans;seat;storm-serisi;storm-serisi;storm-14-61143010;;seat-storm-14-korozyon-dayanimli-fan-1000m3h-1700pa-125mm-220v;seat-storm-14-corrosion-resistant-fan-1000m3h-1700pa-125mm-220v;/tr/urun/seat-storm-14-korozyon-dayanimli-fan-1000m3h-1700pa-125mm-220v-p-sea-61143010;/en/products/seat-storm-14-corrosion-resistant-fan-1000m3h-1700pa-125mm-220v-p-sea-61143010;62;ayirt-eklendi
SEA-61163000;STORM 16 · 2800 d/dk · 2,2 kW · 380V;acid-resistant-fans;seat;storm-serisi;storm-serisi;storm-16-61163000;;seat-storm-16-korozyon-dayanimli-fan-1800m3h-3000pa-160mm;seat-storm-16-corrosion-resistant-fan-1800m3h-3000pa-160mm;/tr/urun/seat-storm-16-korozyon-dayanimli-fan-1800m3h-3000pa-160mm-p-sea-61163000;/en/products/seat-storm-16-corrosion-resistant-fan-1800m3h-3000pa-160mm-p-sea-61163000;57;
SEA-61163003;STORM 16 ATEX · 2800 d/dk · 2,2 kW · 380V;acid-resistant-fans;seat;storm-serisi;storm-serisi;storm-16-atex-61163003;;seat-storm-16-atex-korozyon-dayanimli-fan-1800m3h-3000pa-160mm;seat-storm-16-atex-corrosion-resistant-fan-1800m3h-3000pa-160mm;/tr/urun/seat-storm-16-atex-korozyon-dayanimli-fan-1800m3h-3000pa-160mm-p-sea-61163003;/en/products/seat-storm-16-atex-corrosion-resistant-fan-1800m3h-3000pa-160mm-p-sea-61163003;62;
SEA-61183000;STORM 18 · 2800 d/dk · 7,5 kW · 380V;acid-resistant-fans;seat;storm-serisi;storm-serisi;storm-18-61183000;;seat-storm-18-korozyon-dayanimli-fan-3073m3h-3227pa-200mm;seat-storm-18-corrosion-resistant-fan-3073m3h-3227pa-200mm;/tr/urun/seat-storm-18-korozyon-dayanimli-fan-3073m3h-3227pa-200mm-p-sea-61183000;/en/products/seat-storm-18-corrosion-resistant-fan-3073m3h-3227pa-200mm-p-sea-61183000;57;
SEA-61183003;STORM 18 ATEX · 2800 d/dk · 7,5 kW · 380V;acid-resistant-fans;seat;storm-serisi;storm-serisi;storm-18-atex-61183003;;seat-storm-18-atex-korozyon-dayanimli-fan-3073m3h-3227pa-200mm;seat-storm-18-atex-corrosion-resistant-fan-3073m3h-3227pa-200mm;/tr/urun/seat-storm-18-atex-korozyon-dayanimli-fan-3073m3h-3227pa-200mm-p-sea-61183003;/en/products/seat-storm-18-atex-corrosion-resistant-fan-3073m3h-3227pa-200mm-p-sea-61183003;62;
SEA-71201000;JET 20 · 950 d/dk · 0,18 kW · 380V;acid-resistant-fans;seat;jet-serisi;jet-serisi;jet-20-71201000;;seat-jet-20-korozyon-dayanimli-fan-160mm;seat-jet-20-corrosion-resistant-fan-160mm;/tr/urun/seat-jet-20-korozyon-dayanimli-fan-160mm-p-sea-71201000;/en/products/seat-jet-20-corrosion-resistant-fan-160mm-p-sea-71201000;40;
SEA-71201003;JET 20 ATEX · 950 d/dk · 0,18 kW · 380V;acid-resistant-fans;seat;jet-serisi;jet-serisi;jet-20-atex-71201003;;seat-jet-20-atex-korozyon-dayanimli-fan-160mm;seat-jet-20-atex-corrosion-resistant-fan-160mm;/tr/urun/seat-jet-20-atex-korozyon-dayanimli-fan-160mm-p-sea-71201003;/en/products/seat-jet-20-atex-corrosion-resistant-fan-160mm-p-sea-71201003;45;
SEA-71202000;JET 20 · 1400 d/dk · 0,25 kW · 380V;acid-resistant-fans;seat;jet-serisi;jet-serisi;jet-20-71202000;;seat-jet-20-korozyon-dayanimli-fan-470m3h-190pa-160mm-380v;seat-jet-20-corrosion-resistant-fan-470m3h-190pa-160mm-380v;/tr/urun/seat-jet-20-korozyon-dayanimli-fan-470m3h-190pa-160mm-380v-p-sea-71202000;/en/products/seat-jet-20-corrosion-resistant-fan-470m3h-190pa-160mm-380v-p-sea-71202000;58;ayirt-eklendi
SEA-71202003;JET 20 ATEX · 1400 d/dk · 0,18 kW · 380V;acid-resistant-fans;seat;jet-serisi;jet-serisi;jet-20-atex-71202003;;seat-jet-20-atex-korozyon-dayanimli-fan-470m3h-190pa-160mm;seat-jet-20-atex-corrosion-resistant-fan-470m3h-190pa-160mm;/tr/urun/seat-jet-20-atex-korozyon-dayanimli-fan-470m3h-190pa-160mm-p-sea-71202003;/en/products/seat-jet-20-atex-corrosion-resistant-fan-470m3h-190pa-160mm-p-sea-71202003;58;
SEA-71202010;JET 20 · 1400 d/dk · 0,18 kW · 220V;acid-resistant-fans;seat;jet-serisi;jet-serisi;jet-20-71202010;;seat-jet-20-korozyon-dayanimli-fan-470m3h-190pa-160mm-220v;seat-jet-20-corrosion-resistant-fan-470m3h-190pa-160mm-220v;/tr/urun/seat-jet-20-korozyon-dayanimli-fan-470m3h-190pa-160mm-220v-p-sea-71202010;/en/products/seat-jet-20-corrosion-resistant-fan-470m3h-190pa-160mm-220v-p-sea-71202010;58;ayirt-eklendi
SEA-71203000;JET 20 · 2800 d/dk · 0,75 kW · 380V;acid-resistant-fans;seat;jet-serisi;jet-serisi;jet-20-71203000;;seat-jet-20-korozyon-dayanimli-fan-925m3h-740pa-160mm-380v-0-75kw;seat-jet-20-corrosion-resistant-fan-925m3h-740pa-160mm-380v-0-75kw;/tr/urun/seat-jet-20-korozyon-dayanimli-fan-925m3h-740pa-160mm-380v-0-75kw-p-sea-71203000;/en/products/seat-jet-20-corrosion-resistant-fan-925m3h-740pa-160mm-380v-0-75kw-p-sea-71203000;65;ayirt-eklendi ayirt-eklendi
SEA-71203001;JET 20 · 2800 d/dk · 1,1 kW · 380V;acid-resistant-fans;seat;jet-serisi;jet-serisi;jet-20-71203001;;seat-jet-20-korozyon-dayanimli-fan-925m3h-740pa-160mm-380v-1-1kw;seat-jet-20-corrosion-resistant-fan-925m3h-740pa-160mm-380v-1-1kw;/tr/urun/seat-jet-20-korozyon-dayanimli-fan-925m3h-740pa-160mm-380v-1-1kw-p-sea-71203001;/en/products/seat-jet-20-corrosion-resistant-fan-925m3h-740pa-160mm-380v-1-1kw-p-sea-71203001;64;ayirt-eklendi ayirt-eklendi
SEA-71203003;JET 20 ATEX · 2800 d/dk · 0,75 kW · 380V;acid-resistant-fans;seat;jet-serisi;jet-serisi;jet-20-atex-71203003;;seat-jet-20-atex-korozyon-dayanimli-fan-925m3h-740pa-160mm;seat-jet-20-atex-corrosion-resistant-fan-925m3h-740pa-160mm;/tr/urun/seat-jet-20-atex-korozyon-dayanimli-fan-925m3h-740pa-160mm-p-sea-71203003;/en/products/seat-jet-20-atex-corrosion-resistant-fan-925m3h-740pa-160mm-p-sea-71203003;58;
SEA-71203010;JET 20 · 2800 d/dk · 0,75 kW · 220V;acid-resistant-fans;seat;jet-serisi;jet-serisi;jet-20-71203010;;seat-jet-20-korozyon-dayanimli-fan-925m3h-740pa-160mm-220v;seat-jet-20-corrosion-resistant-fan-925m3h-740pa-160mm-220v;/tr/urun/seat-jet-20-korozyon-dayanimli-fan-925m3h-740pa-160mm-220v-p-sea-71203010;/en/products/seat-jet-20-corrosion-resistant-fan-925m3h-740pa-160mm-220v-p-sea-71203010;58;ayirt-eklendi
SEA-71251000;JET 25 · 950 d/dk · 0,18 kW · 380V;acid-resistant-fans;seat;jet-serisi;jet-serisi;jet-25-71251000;;seat-jet-25-korozyon-dayanimli-fan-200mm;seat-jet-25-corrosion-resistant-fan-200mm;/tr/urun/seat-jet-25-korozyon-dayanimli-fan-200mm-p-sea-71251000;/en/products/seat-jet-25-corrosion-resistant-fan-200mm-p-sea-71251000;40;
SEA-71251003;JET 25 ATEX · 900 d/dk · 0,18 kW · 380V;acid-resistant-fans;seat;jet-serisi;jet-serisi;jet-25-atex-71251003;;seat-jet-25-atex-korozyon-dayanimli-fan-200mm;seat-jet-25-atex-corrosion-resistant-fan-200mm;/tr/urun/seat-jet-25-atex-korozyon-dayanimli-fan-200mm-p-sea-71251003;/en/products/seat-jet-25-atex-corrosion-resistant-fan-200mm-p-sea-71251003;45;
SEA-71252000;JET 25 · 1400 d/dk · 0,37 kW · 380V;acid-resistant-fans;seat;jet-serisi;jet-serisi;jet-25-71252000;;seat-jet-25-korozyon-dayanimli-fan-647m3h-325pa-200mm-380v-0-37kw;seat-jet-25-corrosion-resistant-fan-647m3h-325pa-200mm-380v-0-37kw;/tr/urun/seat-jet-25-korozyon-dayanimli-fan-647m3h-325pa-200mm-380v-0-37kw-p-sea-71252000;/en/products/seat-jet-25-corrosion-resistant-fan-647m3h-325pa-200mm-380v-0-37kw-p-sea-71252000;65;ayirt-eklendi ayirt-eklendi
SEA-71252003;JET 25 ATEX · 1400 d/dk · 0,37 kW · 380V;acid-resistant-fans;seat;jet-serisi;jet-serisi;jet-25-atex-71252003;;seat-jet-25-atex-korozyon-dayanimli-fan-647m3h-325pa-200mm;seat-jet-25-atex-corrosion-resistant-fan-647m3h-325pa-200mm;/tr/urun/seat-jet-25-atex-korozyon-dayanimli-fan-647m3h-325pa-200mm-p-sea-71252003;/en/products/seat-jet-25-atex-corrosion-resistant-fan-647m3h-325pa-200mm-p-sea-71252003;58;
SEA-71252010;JET 25 · 1400 d/dk · 0,37 kW · 220V;acid-resistant-fans;seat;jet-serisi;jet-serisi;jet-25-71252010;;seat-jet-25-korozyon-dayanimli-fan-647m3h-325pa-200mm-220v;seat-jet-25-corrosion-resistant-fan-647m3h-325pa-200mm-220v;/tr/urun/seat-jet-25-korozyon-dayanimli-fan-647m3h-325pa-200mm-220v-p-sea-71252010;/en/products/seat-jet-25-corrosion-resistant-fan-647m3h-325pa-200mm-220v-p-sea-71252010;58;ayirt-eklendi
SEA-71252055;JET 25 · 1400 d/dk · 0,55 kW · 380V;acid-resistant-fans;seat;jet-serisi;jet-serisi;jet-25-71252055;;seat-jet-25-korozyon-dayanimli-fan-647m3h-325pa-200mm-380v-0-55kw;seat-jet-25-corrosion-resistant-fan-647m3h-325pa-200mm-380v-0-55kw;/tr/urun/seat-jet-25-korozyon-dayanimli-fan-647m3h-325pa-200mm-380v-0-55kw-p-sea-71252055;/en/products/seat-jet-25-corrosion-resistant-fan-647m3h-325pa-200mm-380v-0-55kw-p-sea-71252055;65;ayirt-eklendi ayirt-eklendi
SEA-71253000;JET 25 · 2800 d/dk · 2,2 kW · 380V;acid-resistant-fans;seat;jet-serisi;jet-serisi;jet-25-71253000;;seat-jet-25-korozyon-dayanimli-fan-1280m3h-1273pa-200mm;seat-jet-25-corrosion-resistant-fan-1280m3h-1273pa-200mm;/tr/urun/seat-jet-25-korozyon-dayanimli-fan-1280m3h-1273pa-200mm-p-sea-71253000;/en/products/seat-jet-25-corrosion-resistant-fan-1280m3h-1273pa-200mm-p-sea-71253000;55;
SEA-71253003;JET 25 ATEX · 2800 d/dk · 2,2 kW · 380V;acid-resistant-fans;seat;jet-serisi;jet-serisi;jet-25-atex-71253003;;seat-jet-25-atex-korozyon-dayanimli-fan-1280m3h-1273pa-200mm;seat-jet-25-atex-corrosion-resistant-fan-1280m3h-1273pa-200mm;/tr/urun/seat-jet-25-atex-korozyon-dayanimli-fan-1280m3h-1273pa-200mm-p-sea-71253003;/en/products/seat-jet-25-atex-corrosion-resistant-fan-1280m3h-1273pa-200mm-p-sea-71253003;60;
SEA-71301000;JET 30 · 950 d/dk · 0,55 kW · 380V;acid-resistant-fans;seat;jet-serisi;jet-serisi;jet-30-71301000;;seat-jet-30-korozyon-dayanimli-fan-1006m3h-185pa-250mm;seat-jet-30-corrosion-resistant-fan-1006m3h-185pa-250mm;/tr/urun/seat-jet-30-korozyon-dayanimli-fan-1006m3h-185pa-250mm-p-sea-71301000;/en/products/seat-jet-30-corrosion-resistant-fan-1006m3h-185pa-250mm-p-sea-71301000;54;
SEA-71302000;JET 30 · 1500 d/dk · 1,1 kW · 380V;acid-resistant-fans;seat;jet-serisi;jet-serisi;jet-30-71302000;;seat-jet-30-korozyon-dayanimli-fan-1570m3h-450pa-250mm-380v;seat-jet-30-corrosion-resistant-fan-1570m3h-450pa-250mm-380v;/tr/urun/seat-jet-30-korozyon-dayanimli-fan-1570m3h-450pa-250mm-380v-p-sea-71302000;/en/products/seat-jet-30-corrosion-resistant-fan-1570m3h-450pa-250mm-380v-p-sea-71302000;59;ayirt-eklendi
SEA-71302003;JET 30 ATEX · 1400 d/dk · 1,1 kW · 380V;acid-resistant-fans;seat;jet-serisi;jet-serisi;jet-30-atex-71302003;;seat-jet-30-atex-korozyon-dayanimli-fan-1570m3h-450pa-250mm;seat-jet-30-atex-corrosion-resistant-fan-1570m3h-450pa-250mm;/tr/urun/seat-jet-30-atex-korozyon-dayanimli-fan-1570m3h-450pa-250mm-p-sea-71302003;/en/products/seat-jet-30-atex-corrosion-resistant-fan-1570m3h-450pa-250mm-p-sea-71302003;59;
SEA-71302010;JET 30 · 1400 d/dk · 1,1 kW · 220V;acid-resistant-fans;seat;jet-serisi;jet-serisi;jet-30-71302010;;seat-jet-30-korozyon-dayanimli-fan-1570m3h-450pa-250mm-220v;seat-jet-30-corrosion-resistant-fan-1570m3h-450pa-250mm-220v;/tr/urun/seat-jet-30-korozyon-dayanimli-fan-1570m3h-450pa-250mm-220v-p-sea-71302010;/en/products/seat-jet-30-corrosion-resistant-fan-1570m3h-450pa-250mm-220v-p-sea-71302010;59;ayirt-eklendi
SEA-810105;PTC SENSOR;spare-parts-sensors;seat;seat-atex-ptc-sensor;seat-atex-ptc-sensoru;ptc-sensor-810105;;seat-ptc-sensor-yedek-parca;seat-ptc-sensor-spare-part;/tr/urun/seat-ptc-sensor-yedek-parca-p-sea-810105;/en/products/seat-ptc-sensor-spare-part-p-sea-810105;27;specs-bos
VRT-10911;Vortice Vort HR 350 Avel H;ducted-central-hrv;vortice;vortice-isi-geri-kazanim;vortice-vort-hr-isi-geri-kazanim;vortice-vort-hr-350-avel-h-10911;;vortice-vort-hr-350-avel-h-isi-geri-kazanim-cihazi;vortice-vort-hr-350-avel-h-heat-recovery-unit;/tr/urun/vortice-vort-hr-350-avel-h-isi-geri-kazanim-cihazi-p-vrt-10911;/en/products/vortice-vort-hr-350-avel-h-heat-recovery-unit-p-vrt-10911;50;kural2
VRT-10930;Vortice Vort HR 300 Neti;ducted-central-hrv;vortice;vortice-isi-geri-kazanim;vortice-vort-hr-isi-geri-kazanim;vortice-vort-hr-300-neti-10930;;vortice-vort-hr-300-neti-isi-geri-kazanim-cihazi;vortice-vort-hr-300-neti-heat-recovery-unit;/tr/urun/vortice-vort-hr-300-neti-isi-geri-kazanim-cihazi-p-vrt-10930;/en/products/vortice-vort-hr-300-neti-heat-recovery-unit-p-vrt-10930;48;kural2
VRT-11313;"Vortice Punto Evo Flexo MEX 100/4"" LL 1S";bathroom-toilet-fans;vortice;vortice-punto-evo-flexo;vortice-punto-evo-flexo-banyo-fanlari;vortice-punto-evo-flexo-mex-100-4-ll-1s-11313;;vortice-punto-evo-flexo-mex-100-4-ll-1s-banyo-fani;vortice-punto-evo-flexo-mex-100-4-ll-1s-bathroom-fan;/tr/urun/vortice-punto-evo-flexo-mex-100-4-ll-1s-banyo-fani-p-vrt-11313;/en/products/vortice-punto-evo-flexo-mex-100-4-ll-1s-bathroom-fan-p-vrt-11313;50;KELIME>10 deger-dustu kural2
VRT-11314;"Vortice Punto Evo Flexo MEX 100/4"" LL 1S T";bathroom-toilet-fans;vortice;vortice-punto-evo-flexo;vortice-punto-evo-flexo-banyo-fanlari;vortice-punto-evo-flexo-mex-100-4-ll-1s-t-11314;;vortice-punto-evo-flexo-mex-100-4-ll-1s-t-banyo-fani;vortice-punto-evo-flexo-mex-100-4-ll-1s-t-bathroom-fan;/tr/urun/vortice-punto-evo-flexo-mex-100-4-ll-1s-t-banyo-fani-p-vrt-11314;/en/products/vortice-punto-evo-flexo-mex-100-4-ll-1s-t-bathroom-fan-p-vrt-11314;52;KELIME>10 deger-dustu kural2
VRT-11333;"Vortice Punto Evo Flexo MEX 120/5"" LL 1S";bathroom-toilet-fans;vortice;vortice-punto-evo-flexo;vortice-punto-evo-flexo-banyo-fanlari;vortice-punto-evo-flexo-mex-120-5-ll-1s-11333;;vortice-punto-evo-flexo-mex-120-5-ll-1s-banyo-fani;vortice-punto-evo-flexo-mex-120-5-ll-1s-bathroom-fan;/tr/urun/vortice-punto-evo-flexo-mex-120-5-ll-1s-banyo-fani-p-vrt-11333;/en/products/vortice-punto-evo-flexo-mex-120-5-ll-1s-bathroom-fan-p-vrt-11333;50;KELIME>10 deger-dustu kural2
VRT-11334;"Vortice Punto Evo Flexo MEX 120/5"" LL 1S T";bathroom-toilet-fans;vortice;vortice-punto-evo-flexo;vortice-punto-evo-flexo-banyo-fanlari;vortice-punto-evo-flexo-mex-120-5-ll-1s-t-11334;;vortice-punto-evo-flexo-mex-120-5-ll-1s-t-banyo-fani;vortice-punto-evo-flexo-mex-120-5-ll-1s-t-bathroom-fan;/tr/urun/vortice-punto-evo-flexo-mex-120-5-ll-1s-t-banyo-fani-p-vrt-11334;/en/products/vortice-punto-evo-flexo-mex-120-5-ll-1s-t-bathroom-fan-p-vrt-11334;52;KELIME>10 deger-dustu kural2
VRT-11521;Vortice Vort Quadro Evo QE 60 LL;bathroom-toilet-fans;vortice;vortice-vort-quadro-evo;vortice-vort-quadro-evo;vortice-vort-quadro-evo-qe-60-ll-11521;;vortice-vort-quadro-evo-qe-60-ll-banyo-fani-80mm;vortice-vort-quadro-evo-qe-60-ll-bathroom-fan-80mm;/tr/urun/vortice-vort-quadro-evo-qe-60-ll-banyo-fani-80mm-p-vrt-11521;/en/products/vortice-vort-quadro-evo-qe-60-ll-bathroom-fan-80mm-p-vrt-11521;48;deger-dustu kural2
VRT-11522;Vortice Vort Quadro Evo QE 100 LL;bathroom-toilet-fans;vortice;vortice-vort-quadro-evo;vortice-vort-quadro-evo;vortice-vort-quadro-evo-qe-100-ll-11522;;vortice-vort-quadro-evo-qe-100-ll-banyo-fani-353pa;vortice-vort-quadro-evo-qe-100-ll-bathroom-fan-353pa;/tr/urun/vortice-vort-quadro-evo-qe-100-ll-banyo-fani-353pa-p-vrt-11522;/en/products/vortice-vort-quadro-evo-qe-100-ll-bathroom-fan-353pa-p-vrt-11522;50;kural2
VRT-11523;Vortice Vort Quadro Evo QE 60/35 LL;bathroom-toilet-fans;vortice;vortice-vort-quadro-evo;vortice-vort-quadro-evo;vortice-vort-quadro-evo-qe-60-35-ll-11523;;vortice-vort-quadro-evo-qe-60-35-ll-banyo-fani;vortice-vort-quadro-evo-qe-60-35-ll-bathroom-fan;/tr/urun/vortice-vort-quadro-evo-qe-60-35-ll-banyo-fani-p-vrt-11523;/en/products/vortice-vort-quadro-evo-qe-60-35-ll-bathroom-fan-p-vrt-11523;46;deger-dustu kural2
VRT-11524;Vortice Vort Quadro Evo QE 100/60 LL;bathroom-toilet-fans;vortice;vortice-vort-quadro-evo;vortice-vort-quadro-evo;vortice-vort-quadro-evo-qe-100-60-ll-11524;;vortice-vort-quadro-evo-qe-100-60-ll-banyo-fani;vortice-vort-quadro-evo-qe-100-60-ll-bathroom-fan;/tr/urun/vortice-vort-quadro-evo-qe-100-60-ll-banyo-fani-p-vrt-11524;/en/products/vortice-vort-quadro-evo-qe-100-60-ll-bathroom-fan-p-vrt-11524;47;deger-dustu kural2
VRT-11525;Vortice Vort Quadro Evo QE 100/60/35 LL;bathroom-toilet-fans;vortice;vortice-vort-quadro-evo;vortice-vort-quadro-evo;vortice-vort-quadro-evo-qe-100-60-35-ll-11525;;vortice-vort-quadro-evo-qe-100-60-35-ll-banyo-fani;vortice-vort-quadro-evo-qe-100-60-35-ll-bathroom-fan;/tr/urun/vortice-vort-quadro-evo-qe-100-60-35-ll-banyo-fani-p-vrt-11525;/en/products/vortice-vort-quadro-evo-qe-100-60-35-ll-bathroom-fan-p-vrt-11525;50;KELIME>10 deger-dustu kural2
VRT-11526;Vortice Vort Quadro Evo QE 60 LL T;bathroom-toilet-fans;vortice;vortice-vort-quadro-evo;vortice-vort-quadro-evo;vortice-vort-quadro-evo-qe-60-ll-t-11526;;vortice-vort-quadro-evo-qe-60-ll-t-banyo-fani;vortice-vort-quadro-evo-qe-60-ll-t-bathroom-fan;/tr/urun/vortice-vort-quadro-evo-qe-60-ll-t-banyo-fani-p-vrt-11526;/en/products/vortice-vort-quadro-evo-qe-60-ll-t-bathroom-fan-p-vrt-11526;45;deger-dustu kural2
VRT-11527;Vortice Vort Quadro Evo QE 100 LL T;bathroom-toilet-fans;vortice;vortice-vort-quadro-evo;vortice-vort-quadro-evo;vortice-vort-quadro-evo-qe-100-ll-t-11527;;vortice-vort-quadro-evo-qe-100-ll-t-banyo-fani;vortice-vort-quadro-evo-qe-100-ll-t-bathroom-fan;/tr/urun/vortice-vort-quadro-evo-qe-100-ll-t-banyo-fani-p-vrt-11527;/en/products/vortice-vort-quadro-evo-qe-100-ll-t-bathroom-fan-p-vrt-11527;46;deger-dustu kural2
VRT-11528;Vortice Vort Quadro Evo QE 60/35 LL T;bathroom-toilet-fans;vortice;vortice-vort-quadro-evo;vortice-vort-quadro-evo;vortice-vort-quadro-evo-qe-60-35-ll-t-11528;;vortice-vort-quadro-evo-qe-60-35-ll-t-banyo-fani;vortice-vort-quadro-evo-qe-60-35-ll-t-bathroom-fan;/tr/urun/vortice-vort-quadro-evo-qe-60-35-ll-t-banyo-fani-p-vrt-11528;/en/products/vortice-vort-quadro-evo-qe-60-35-ll-t-bathroom-fan-p-vrt-11528;48;KELIME>10 deger-dustu kural2
VRT-11531;Vortice Vort Quadro Evo QE 100/60 LL T;bathroom-toilet-fans;vortice;vortice-vort-quadro-evo;vortice-vort-quadro-evo;vortice-vort-quadro-evo-qe-100-60-ll-t-11531;;vortice-vort-quadro-evo-qe-100-60-ll-t-banyo-fani;vortice-vort-quadro-evo-qe-100-60-ll-t-bathroom-fan;/tr/urun/vortice-vort-quadro-evo-qe-100-60-ll-t-banyo-fani-p-vrt-11531;/en/products/vortice-vort-quadro-evo-qe-100-60-ll-t-bathroom-fan-p-vrt-11531;49;KELIME>10 deger-dustu kural2
VRT-11532;Vortice Vort Quadro Evo QE 60 LL TP;bathroom-toilet-fans;vortice;vortice-vort-quadro-evo;vortice-vort-quadro-evo;vortice-vort-quadro-evo-qe-60-ll-tp-11532;;vortice-vort-quadro-evo-qe-60-ll-tp-banyo-fani;vortice-vort-quadro-evo-qe-60-ll-tp-bathroom-fan;/tr/urun/vortice-vort-quadro-evo-qe-60-ll-tp-banyo-fani-p-vrt-11532;/en/products/vortice-vort-quadro-evo-qe-60-ll-tp-bathroom-fan-p-vrt-11532;46;deger-dustu kural2
VRT-11533;Vortice Vort Quadro Evo QE 100 LL TP;bathroom-toilet-fans;vortice;vortice-vort-quadro-evo;vortice-vort-quadro-evo;vortice-vort-quadro-evo-qe-100-ll-tp-11533;;vortice-vort-quadro-evo-qe-100-ll-tp-banyo-fani;vortice-vort-quadro-evo-qe-100-ll-tp-bathroom-fan;/tr/urun/vortice-vort-quadro-evo-qe-100-ll-tp-banyo-fani-p-vrt-11533;/en/products/vortice-vort-quadro-evo-qe-100-ll-tp-bathroom-fan-p-vrt-11533;47;deger-dustu kural2
VRT-11534;Vortice Vort Quadro Evo QE 60/35 LL TP;bathroom-toilet-fans;vortice;vortice-vort-quadro-evo;vortice-vort-quadro-evo;vortice-vort-quadro-evo-qe-60-35-ll-tp-11534;;vortice-vort-quadro-evo-qe-60-35-ll-tp-banyo-fani;vortice-vort-quadro-evo-qe-60-35-ll-tp-bathroom-fan;/tr/urun/vortice-vort-quadro-evo-qe-60-35-ll-tp-banyo-fani-p-vrt-11534;/en/products/vortice-vort-quadro-evo-qe-60-35-ll-tp-bathroom-fan-p-vrt-11534;49;KELIME>10 deger-dustu kural2
VRT-11535;Vortice Vort Quadro Evo QE 100/60 LL TP;bathroom-toilet-fans;vortice;vortice-vort-quadro-evo;vortice-vort-quadro-evo;vortice-vort-quadro-evo-qe-100-60-ll-tp-11535;;vortice-vort-quadro-evo-qe-100-60-ll-tp-banyo-fani;vortice-vort-quadro-evo-qe-100-60-ll-tp-bathroom-fan;/tr/urun/vortice-vort-quadro-evo-qe-100-60-ll-tp-banyo-fani-p-vrt-11535;/en/products/vortice-vort-quadro-evo-qe-100-60-ll-tp-bathroom-fan-p-vrt-11535;50;KELIME>10 deger-dustu kural2
VRT-11536;Vortice Vort Quadro Evo QE 100/60/35 LL TP;bathroom-toilet-fans;vortice;vortice-vort-quadro-evo;vortice-vort-quadro-evo;vortice-vort-quadro-evo-qe-100-60-35-ll-tp-11536;;vortice-vort-quadro-evo-qe-100-60-35-ll-tp-banyo-fani;vortice-vort-quadro-evo-qe-100-60-35-ll-tp-bathroom-fan;/tr/urun/vortice-vort-quadro-evo-qe-100-60-35-ll-tp-banyo-fani-p-vrt-11536;/en/products/vortice-vort-quadro-evo-qe-100-60-35-ll-tp-bathroom-fan-p-vrt-11536;53;KELIME>10 deger-dustu kural2
VRT-11537;Vortice Vort Quadro Evo QE 60 LL TP HCS;bathroom-toilet-fans;vortice;vortice-vort-quadro-evo;vortice-vort-quadro-evo;vortice-vort-quadro-evo-qe-60-ll-tp-hcs-11537;;vortice-vort-quadro-evo-qe-60-ll-tp-hcs-banyo-fani;vortice-vort-quadro-evo-qe-60-ll-tp-hcs-bathroom-fan;/tr/urun/vortice-vort-quadro-evo-qe-60-ll-tp-hcs-banyo-fani-p-vrt-11537;/en/products/vortice-vort-quadro-evo-qe-60-ll-tp-hcs-bathroom-fan-p-vrt-11537;50;KELIME>10 deger-dustu kural2
VRT-11538;Vortice Vort Quadro Evo QE 100 LL TP HCS;bathroom-toilet-fans;vortice;vortice-vort-quadro-evo;vortice-vort-quadro-evo;vortice-vort-quadro-evo-qe-100-ll-tp-hcs-11538;;vortice-vort-quadro-evo-qe-100-ll-tp-hcs-banyo-fani;vortice-vort-quadro-evo-qe-100-ll-tp-hcs-bathroom-fan;/tr/urun/vortice-vort-quadro-evo-qe-100-ll-tp-hcs-banyo-fani-p-vrt-11538;/en/products/vortice-vort-quadro-evo-qe-100-ll-tp-hcs-bathroom-fan-p-vrt-11538;51;KELIME>10 deger-dustu kural2
VRT-11541;Vortice Vort Quadro Evo QE 60/35 LL TP HCS;bathroom-toilet-fans;vortice;vortice-vort-quadro-evo;vortice-vort-quadro-evo;vortice-vort-quadro-evo-qe-60-35-ll-tp-hcs-11541;;vortice-vort-quadro-evo-qe-60-35-ll-tp-hcs-banyo-fani;vortice-vort-quadro-evo-qe-60-35-ll-tp-hcs-bathroom-fan;/tr/urun/vortice-vort-quadro-evo-qe-60-35-ll-tp-hcs-banyo-fani-p-vrt-11541;/en/products/vortice-vort-quadro-evo-qe-60-35-ll-tp-hcs-bathroom-fan-p-vrt-11541;53;KELIME>10 deger-dustu kural2
VRT-11542;Vortice Vort Quadro Evo QE 100/60 LL TP HCS;bathroom-toilet-fans;vortice;vortice-vort-quadro-evo;vortice-vort-quadro-evo;vortice-vort-quadro-evo-qe-100-60-ll-tp-hcs-11542;;vortice-vort-quadro-evo-qe-100-60-ll-tp-hcs-banyo-fani;vortice-vort-quadro-evo-qe-100-60-ll-tp-hcs-bathroom-fan;/tr/urun/vortice-vort-quadro-evo-qe-100-60-ll-tp-hcs-banyo-fani-p-vrt-11542;/en/products/vortice-vort-quadro-evo-qe-100-60-ll-tp-hcs-bathroom-fan-p-vrt-11542;54;KELIME>10 deger-dustu kural2
VRT-11543;Vortice Vort Quadro Evo QE 100/60/35 LL TP HCS;bathroom-toilet-fans;vortice;vortice-vort-quadro-evo;vortice-vort-quadro-evo;vortice-vort-quadro-evo-qe-100-60-35-ll-tp-hcs-11543;;vortice-vort-quadro-evo-qe-100-60-35-ll-tp-hcs-banyo-fani;vortice-vort-quadro-evo-qe-100-60-35-ll-tp-hcs-bathroom-fan;/tr/urun/vortice-vort-quadro-evo-qe-100-60-35-ll-tp-hcs-banyo-fani-p-vrt-11543;/en/products/vortice-vort-quadro-evo-qe-100-60-35-ll-tp-hcs-bathroom-fan-p-vrt-11543;57;KELIME>10 deger-dustu kural2
VRT-11544;Vortice Vort Quadro Evo QE 60 LL T PIR;bathroom-toilet-fans;vortice;vortice-vort-quadro-evo;vortice-vort-quadro-evo;vortice-vort-quadro-evo-qe-60-ll-t-pir-11544;;vortice-vort-quadro-evo-qe-60-ll-t-pir-banyo-fani;vortice-vort-quadro-evo-qe-60-ll-t-pir-bathroom-fan;/tr/urun/vortice-vort-quadro-evo-qe-60-ll-t-pir-banyo-fani-p-vrt-11544;/en/products/vortice-vort-quadro-evo-qe-60-ll-t-pir-bathroom-fan-p-vrt-11544;49;KELIME>10 deger-dustu kural2
VRT-11545;Vortice Vort Quadro Evo QE 100 LL T PIR;bathroom-toilet-fans;vortice;vortice-vort-quadro-evo;vortice-vort-quadro-evo;vortice-vort-quadro-evo-qe-100-ll-t-pir-11545;;vortice-vort-quadro-evo-qe-100-ll-t-pir-banyo-fani;vortice-vort-quadro-evo-qe-100-ll-t-pir-bathroom-fan;/tr/urun/vortice-vort-quadro-evo-qe-100-ll-t-pir-banyo-fani-p-vrt-11545;/en/products/vortice-vort-quadro-evo-qe-100-ll-t-pir-bathroom-fan-p-vrt-11545;50;KELIME>10 deger-dustu kural2
VRT-11546;Vortice Vort Quadro Evo QE 60/35 LL T PIR;bathroom-toilet-fans;vortice;vortice-vort-quadro-evo;vortice-vort-quadro-evo;vortice-vort-quadro-evo-qe-60-35-ll-t-pir-11546;;vortice-vort-quadro-evo-qe-60-35-ll-t-pir-banyo-fani;vortice-vort-quadro-evo-qe-60-35-ll-t-pir-bathroom-fan;/tr/urun/vortice-vort-quadro-evo-qe-60-35-ll-t-pir-banyo-fani-p-vrt-11546;/en/products/vortice-vort-quadro-evo-qe-60-35-ll-t-pir-bathroom-fan-p-vrt-11546;52;KELIME>10 deger-dustu kural2
VRT-11547;Vortice Vort Quadro Evo QE 100/60 LL T PIR;bathroom-toilet-fans;vortice;vortice-vort-quadro-evo;vortice-vort-quadro-evo;vortice-vort-quadro-evo-qe-100-60-ll-t-pir-11547;;vortice-vort-quadro-evo-qe-100-60-ll-t-pir-banyo-fani;vortice-vort-quadro-evo-qe-100-60-ll-t-pir-bathroom-fan;/tr/urun/vortice-vort-quadro-evo-qe-100-60-ll-t-pir-banyo-fani-p-vrt-11547;/en/products/vortice-vort-quadro-evo-qe-100-60-ll-t-pir-bathroom-fan-p-vrt-11547;53;KELIME>10 deger-dustu kural2
VRT-12101;Vortice Vort HR 450 AVEL D;ducted-central-hrv;vortice;vortice-isi-geri-kazanim;vortice-vort-hr-isi-geri-kazanim;vortice-vort-hr-450-avel-d-12101;;vortice-vort-hr-450-avel-d-isi-geri-kazanim-cihazi;vortice-vort-hr-450-avel-d-heat-recovery-unit-400m3h;/tr/urun/vortice-vort-hr-450-avel-d-isi-geri-kazanim-cihazi-p-vrt-12101;/en/products/vortice-vort-hr-450-avel-d-heat-recovery-unit-400m3h-p-vrt-12101;50;deger-dustu
VRT-12106;Vortice Vort HR 350 Avel;ducted-central-hrv;vortice;vortice-isi-geri-kazanim;vortice-vort-hr-isi-geri-kazanim;vortice-vort-hr-350-avel-12106;;vortice-vort-hr-350-avel-isi-geri-kazanim-cihazi;vortice-vort-hr-350-avel-heat-recovery-unit;/tr/urun/vortice-vort-hr-350-avel-isi-geri-kazanim-cihazi-p-vrt-12106;/en/products/vortice-vort-hr-350-avel-heat-recovery-unit-p-vrt-12106;48;kural2
VRT-12219;Vortice Vort Invisible Mini Top;ducted-central-hrv;vortice;vortice-isi-geri-kazanim;vortice-vort-hr-isi-geri-kazanim;vortice-vort-invisible-mini-top-12219;;vortice-vort-invisible-mini-top-isi-geri-kazanim-cihazi-120m3h;vortice-vort-invisible-mini-top-heat-recovery-unit-120m3h;/tr/urun/vortice-vort-invisible-mini-top-isi-geri-kazanim-cihazi-120m3h-p-vrt-12219;/en/products/vortice-vort-invisible-mini-top-heat-recovery-unit-120m3h-p-vrt-12219;62;
VRT-12431;Vortice VORT HRW 60 MONO EVO HCS;single-room-hrv;vortice;vortice-vort-mono;vortice-vort-mono;vortice-vort-hrw-60-mono-evo-hcs-12431;;vortice-vort-hrw-60-mono-evo-hcs-isi-geri-kazanim;vortice-vort-hrw-60-mono-evo-hcs-heat-recovery;/tr/urun/vortice-vort-hrw-60-mono-evo-hcs-isi-geri-kazanim-p-vrt-12431;/en/products/vortice-vort-hrw-60-mono-evo-hcs-heat-recovery-p-vrt-12431;49;kural2 tip-kisaldi
VRT-12432;Vortice VORT HRW 60 MONO EVO HCS Wi-Fi;single-room-hrv;vortice;vortice-vort-mono;vortice-vort-mono;vortice-vort-hrw-60-mono-evo-hcs-wi-fi-12432;;vortice-vort-hrw-60-mono-evo-hcs-wi-fi-isi-geri-kazanim;vortice-vort-hrw-60-mono-evo-hcs-wi-fi-heat-recovery;/tr/urun/vortice-vort-hrw-60-mono-evo-hcs-wi-fi-isi-geri-kazanim-p-vrt-12432;/en/products/vortice-vort-hrw-60-mono-evo-hcs-wi-fi-heat-recovery-p-vrt-12432;55;KELIME>10 kural2 tip-kisaldi
VRT-12434;Vortice VORT HRW 30 MONO EVO;single-room-hrv;vortice;vortice-vort-mono;vortice-vort-mono;vortice-vort-hrw-30-mono-evo-12434;;vortice-vort-hrw-30-mono-evo-isi-geri-kazanim;vortice-vort-hrw-30-mono-evo-heat-recovery;/tr/urun/vortice-vort-hrw-30-mono-evo-isi-geri-kazanim-p-vrt-12434;/en/products/vortice-vort-hrw-30-mono-evo-heat-recovery-p-vrt-12434;45;deger-dustu tip-kisaldi
VRT-12435;Vortice VORT HRW 40 MONO EVO;single-room-hrv;vortice;vortice-vort-mono;vortice-vort-mono;vortice-vort-hrw-40-mono-evo-12435;;vortice-vort-hrw-40-mono-evo-isi-geri-kazanim;vortice-vort-hrw-40-mono-evo-heat-recovery;/tr/urun/vortice-vort-hrw-40-mono-evo-isi-geri-kazanim-p-vrt-12435;/en/products/vortice-vort-hrw-40-mono-evo-heat-recovery-p-vrt-12435;45;kural2 tip-kisaldi
VRT-12436;Vortice VORT HRW 30 MONO EVO HCS;single-room-hrv;vortice;vortice-vort-mono;vortice-vort-mono;vortice-vort-hrw-30-mono-evo-hcs-12436;;vortice-vort-hrw-30-mono-evo-hcs-isi-geri-kazanim;vortice-vort-hrw-30-mono-evo-hcs-heat-recovery;/tr/urun/vortice-vort-hrw-30-mono-evo-hcs-isi-geri-kazanim-p-vrt-12436;/en/products/vortice-vort-hrw-30-mono-evo-hcs-heat-recovery-p-vrt-12436;49;deger-dustu tip-kisaldi
VRT-12437;Vortice VORT HRW 40 MONO EVO HCS;single-room-hrv;vortice;vortice-vort-mono;vortice-vort-mono;vortice-vort-hrw-40-mono-evo-hcs-12437;;vortice-vort-hrw-40-mono-evo-hcs-isi-geri-kazanim;vortice-vort-hrw-40-mono-evo-hcs-heat-recovery;/tr/urun/vortice-vort-hrw-40-mono-evo-hcs-isi-geri-kazanim-p-vrt-12437;/en/products/vortice-vort-hrw-40-mono-evo-hcs-heat-recovery-p-vrt-12437;49;kural2 tip-kisaldi
VRT-12443;Vortice VORT HRW 30 MONO EVO HCS Wi-Fi;single-room-hrv;vortice;vortice-vort-mono;vortice-vort-mono;vortice-vort-hrw-30-mono-evo-hcs-wi-fi-12443;;vortice-vort-hrw-30-mono-evo-hcs-wi-fi-isi-geri-kazanim;vortice-vort-hrw-30-mono-evo-hcs-wi-fi-heat-recovery;/tr/urun/vortice-vort-hrw-30-mono-evo-hcs-wi-fi-isi-geri-kazanim-p-vrt-12443;/en/products/vortice-vort-hrw-30-mono-evo-hcs-wi-fi-heat-recovery-p-vrt-12443;55;KELIME>10 deger-dustu tip-kisaldi
VRT-12444;Vortice VORT HRW 40 MONO EVO HCS Wi-Fi;single-room-hrv;vortice;vortice-vort-mono;vortice-vort-mono;vortice-vort-hrw-40-mono-evo-hcs-wi-fi-12444;;vortice-vort-hrw-40-mono-evo-hcs-wi-fi-isi-geri-kazanim;vortice-vort-hrw-40-mono-evo-hcs-wi-fi-heat-recovery;/tr/urun/vortice-vort-hrw-40-mono-evo-hcs-wi-fi-isi-geri-kazanim-p-vrt-12444;/en/products/vortice-vort-hrw-40-mono-evo-hcs-wi-fi-heat-recovery-p-vrt-12444;55;KELIME>10 kural2 tip-kisaldi
VRT-13147;Vortice BRA.VO S1;bathroom-toilet-fans;vortice;vortice-vortice-bravo-s;vortice-bravo-s;vortice-bra-vo-s1-13147;;vortice-bra-vo-s1-banyo-fani;vortice-bra-vo-s1-bathroom-fan;/tr/urun/vortice-bra-vo-s1-banyo-fani-p-vrt-13147;/en/products/vortice-bra-vo-s1-bathroom-fan-p-vrt-13147;28;
VRT-13148;Vortice BRA.VO S2;bathroom-toilet-fans;vortice;vortice-vortice-bravo-s;vortice-bravo-s;vortice-bra-vo-s2-13148;;vortice-bra-vo-s2-banyo-fani;vortice-bra-vo-s2-bathroom-fan;/tr/urun/vortice-bra-vo-s2-banyo-fani-p-vrt-13148;/en/products/vortice-bra-vo-s2-bathroom-fan-p-vrt-13148;28;
VRT-13149;Vortice BRA.VO S3;bathroom-toilet-fans;vortice;vortice-vortice-bravo-s;vortice-bravo-s;vortice-bra-vo-s3-13149;;vortice-bra-vo-s3-banyo-fani;vortice-bra-vo-s3-bathroom-fan;/tr/urun/vortice-bra-vo-s3-banyo-fani-p-vrt-13149;/en/products/vortice-bra-vo-s3-bathroom-fan-p-vrt-13149;28;
VRT-13150;Vortice BRA.VO S4;bathroom-toilet-fans;vortice;vortice-vortice-bravo-s;vortice-bravo-s;vortice-bra-vo-s4-13150;;vortice-bra-vo-s4-banyo-fani;vortice-bra-vo-s4-bathroom-fan;/tr/urun/vortice-bra-vo-s4-banyo-fani-p-vrt-13150;/en/products/vortice-bra-vo-s4-bathroom-fan-p-vrt-13150;28;
VRT-15000;Vortice TIRACAMINO Şömine ve Baca Fanı;chimney-fans;vortice;vortice-vort-industrial-ventilation-roof;vortice-tiracamino-somine-ve-baca-fanlari;vortice-tiracamino-somine-ve-baca-fani-15000;;vortice-tiracamino-baca-fani-180mm-750m3h;vortice-tiracamino-chimney-fan-180mm-750m3h;/tr/urun/vortice-tiracamino-baca-fani-180mm-750m3h-p-vrt-15000;/en/products/vortice-tiracamino-chimney-fan-180mm-750m3h-p-vrt-15000;41;
VRT-15261;Vortice HEATMASTER F400 315 T4 0,25kW;smoke-exhaust-fans;vortice;vortice-vort-heatmaster-slimroof-smoke;vortice-heatmaster-duman-egzoz-fanlari;vortice-heatmaster-f400-315-t4-0-25kw-15261;;vortice-heatmaster-f400-315-t4-0-25kw-duman-egzoz-fani;vortice-heatmaster-f400-315-t4-0-25kw-smoke-exhaust-fan;/tr/urun/vortice-heatmaster-f400-315-t4-0-25kw-duman-egzoz-fani-p-vrt-15261;/en/products/vortice-heatmaster-f400-315-t4-0-25kw-smoke-exhaust-fan-p-vrt-15261;54;deger-dustu kural2
VRT-15262;Vortice HEATMASTER F400 355 T4 0,25kW;smoke-exhaust-fans;vortice;vortice-vort-heatmaster-slimroof-smoke;vortice-heatmaster-duman-egzoz-fanlari;vortice-heatmaster-f400-355-t4-0-25kw-15262;;vortice-heatmaster-f400-355-t4-0-25kw-duman-egzoz-fani;vortice-heatmaster-f400-355-t4-0-25kw-smoke-exhaust-fan;/tr/urun/vortice-heatmaster-f400-355-t4-0-25kw-duman-egzoz-fani-p-vrt-15262;/en/products/vortice-heatmaster-f400-355-t4-0-25kw-smoke-exhaust-fan-p-vrt-15262;54;deger-dustu kural2
VRT-15263;Vortice HEATMASTER F400 400 T4 0,55kW;smoke-exhaust-fans;vortice;vortice-vort-heatmaster-slimroof-smoke;vortice-heatmaster-duman-egzoz-fanlari;vortice-heatmaster-f400-400-t4-0-55kw-15263;;vortice-heatmaster-f400-400-t4-0-55kw-duman-egzoz-fani;vortice-heatmaster-f400-400-t4-0-55kw-smoke-exhaust-fan;/tr/urun/vortice-heatmaster-f400-400-t4-0-55kw-duman-egzoz-fani-p-vrt-15263;/en/products/vortice-heatmaster-f400-400-t4-0-55kw-smoke-exhaust-fan-p-vrt-15263;54;deger-dustu kural2
VRT-15264;Vortice HEATMASTER F400 450 T4 1,1kW;smoke-exhaust-fans;vortice;vortice-vort-heatmaster-slimroof-smoke;vortice-heatmaster-duman-egzoz-fanlari;vortice-heatmaster-f400-450-t4-1-1kw-15264;;vortice-heatmaster-f400-450-t4-1-1kw-duman-egzoz-fani;vortice-heatmaster-f400-450-t4-1-1kw-smoke-exhaust-fan;/tr/urun/vortice-heatmaster-f400-450-t4-1-1kw-duman-egzoz-fani-p-vrt-15264;/en/products/vortice-heatmaster-f400-450-t4-1-1kw-smoke-exhaust-fan-p-vrt-15264;53;deger-dustu kural2
VRT-15265;Vortice HEATMASTER F400 500 T4 1,5kW;smoke-exhaust-fans;vortice;vortice-vort-heatmaster-slimroof-smoke;vortice-heatmaster-duman-egzoz-fanlari;vortice-heatmaster-f400-500-t4-1-5kw-15265;;vortice-heatmaster-f400-500-t4-1-5kw-duman-egzoz-fani;vortice-heatmaster-f400-500-t4-1-5kw-smoke-exhaust-fan;/tr/urun/vortice-heatmaster-f400-500-t4-1-5kw-duman-egzoz-fani-p-vrt-15265;/en/products/vortice-heatmaster-f400-500-t4-1-5kw-smoke-exhaust-fan-p-vrt-15265;53;deger-dustu kural2
VRT-15266;Vortice HEATMASTER F400 560 T4 3kW;smoke-exhaust-fans;vortice;vortice-vort-heatmaster-slimroof-smoke;vortice-heatmaster-duman-egzoz-fanlari;vortice-heatmaster-f400-560-t4-3kw-15266;;vortice-heatmaster-f400-560-t4-3kw-duman-egzoz-fani-15040m3h;vortice-heatmaster-f400-560-t4-3kw-smoke-exhaust-fan-15040m3h;/tr/urun/vortice-heatmaster-f400-560-t4-3kw-duman-egzoz-fani-15040m3h-p-vrt-15266;/en/products/vortice-heatmaster-f400-560-t4-3kw-smoke-exhaust-fan-15040m3h-p-vrt-15266;60;kural2
VRT-15267;Vortice HEATMASTER F400 630 T4 5,5kW;smoke-exhaust-fans;vortice;vortice-vort-heatmaster-slimroof-smoke;vortice-heatmaster-duman-egzoz-fanlari;vortice-heatmaster-f400-630-t4-5-5kw-15267;;vortice-heatmaster-f400-630-t4-5-5kw-duman-egzoz-fani;vortice-heatmaster-f400-630-t4-5-5kw-smoke-exhaust-fan;/tr/urun/vortice-heatmaster-f400-630-t4-5-5kw-duman-egzoz-fani-p-vrt-15267;/en/products/vortice-heatmaster-f400-630-t4-5-5kw-smoke-exhaust-fan-p-vrt-15267;53;deger-dustu kural2
VRT-15271;Vortice SLIMROOF 155 M ES;roof-fans;vortice;vortice-vort-heatmaster-slimroof-roof;vortice-slimroof-cati-fanlari;vortice-slimroof-155-m-es-15271;;vortice-slimroof-155-m-es-cati-tipi-fan-460m3h;vortice-slimroof-155-m-es-roof-fan-460m3h;/tr/urun/vortice-slimroof-155-m-es-cati-tipi-fan-460m3h-p-vrt-15271;/en/products/vortice-slimroof-155-m-es-roof-fan-460m3h-p-vrt-15271;46;kural2
VRT-15272;Vortice SLIMROOF 190 M ES;roof-fans;vortice;vortice-vort-heatmaster-slimroof-roof;vortice-slimroof-cati-fanlari;vortice-slimroof-190-m-es-15272;;vortice-slimroof-190-m-es-cati-tipi-fan-760m3h;vortice-slimroof-190-m-es-roof-fan-760m3h;/tr/urun/vortice-slimroof-190-m-es-cati-tipi-fan-760m3h-p-vrt-15272;/en/products/vortice-slimroof-190-m-es-roof-fan-760m3h-p-vrt-15272;46;kural2
VRT-15273;Vortice SLIMROOF 220 M ES;roof-fans;vortice;vortice-vort-heatmaster-slimroof-roof;vortice-slimroof-cati-fanlari;vortice-slimroof-220-m-es-15273;;vortice-slimroof-220-m-es-cati-tipi-fan-870m3h;vortice-slimroof-220-m-es-roof-fan-870m3h;/tr/urun/vortice-slimroof-220-m-es-cati-tipi-fan-870m3h-p-vrt-15273;/en/products/vortice-slimroof-220-m-es-roof-fan-870m3h-p-vrt-15273;46;kural2
VRT-15274;Vortice SLIMROOF 250 M ES;roof-fans;vortice;vortice-vort-heatmaster-slimroof-roof;vortice-slimroof-cati-fanlari;vortice-slimroof-250-m-es-15274;;vortice-slimroof-250-m-es-cati-tipi-fan-1640m3h;vortice-slimroof-250-m-es-roof-fan-1640m3h;/tr/urun/vortice-slimroof-250-m-es-cati-tipi-fan-1640m3h-p-vrt-15274;/en/products/vortice-slimroof-250-m-es-roof-fan-1640m3h-p-vrt-15274;47;kural2
VRT-15275;Vortice SLIMROOF 310 M ES;roof-fans;vortice;vortice-vort-heatmaster-slimroof-roof;vortice-slimroof-cati-fanlari;vortice-slimroof-310-m-es-15275;;vortice-slimroof-310-m-es-cati-tipi-fan-3160m3h;vortice-slimroof-310-m-es-roof-fan-3160m3h;/tr/urun/vortice-slimroof-310-m-es-cati-tipi-fan-3160m3h-p-vrt-15275;/en/products/vortice-slimroof-310-m-es-roof-fan-3160m3h-p-vrt-15275;47;kural2
VRT-15276;Vortice SLIMROOF 355 T ES;roof-fans;vortice;vortice-vort-heatmaster-slimroof-roof;vortice-slimroof-cati-fanlari;vortice-slimroof-355-t-es-15276;;vortice-slimroof-355-t-es-cati-tipi-fan-4890m3h;vortice-slimroof-355-t-es-roof-fan-4890m3h;/tr/urun/vortice-slimroof-355-t-es-cati-tipi-fan-4890m3h-p-vrt-15276;/en/products/vortice-slimroof-355-t-es-roof-fan-4890m3h-p-vrt-15276;47;kural2
VRT-15277;Vortice SLIMROOF 450 T ES;roof-fans;vortice;vortice-vort-heatmaster-slimroof-roof;vortice-slimroof-cati-fanlari;vortice-slimroof-450-t-es-15277;;vortice-slimroof-450-t-es-cati-tipi-fan-6955m3h;vortice-slimroof-450-t-es-roof-fan-6955m3h;/tr/urun/vortice-slimroof-450-t-es-cati-tipi-fan-6955m3h-p-vrt-15277;/en/products/vortice-slimroof-450-t-es-roof-fan-6955m3h-p-vrt-15277;47;kural2
VRT-15278;Vortice SLIMROOF 500 T ES;roof-fans;vortice;vortice-vort-heatmaster-slimroof-roof;vortice-slimroof-cati-fanlari;vortice-slimroof-500-t-es-15278;;vortice-slimroof-500-t-es-cati-tipi-fan-13850m3h;vortice-slimroof-500-t-es-roof-fan-13850m3h;/tr/urun/vortice-slimroof-500-t-es-cati-tipi-fan-13850m3h-p-vrt-15278;/en/products/vortice-slimroof-500-t-es-roof-fan-13850m3h-p-vrt-15278;48;kural2
VRT-15279;Vortice SLIMROOF 560 T ES;roof-fans;vortice;vortice-vort-heatmaster-slimroof-roof;vortice-slimroof-cati-fanlari;vortice-slimroof-560-t-es-15279;;vortice-slimroof-560-t-es-cati-tipi-fan-16100m3h;vortice-slimroof-560-t-es-roof-fan-16100m3h;/tr/urun/vortice-slimroof-560-t-es-cati-tipi-fan-16100m3h-p-vrt-15279;/en/products/vortice-slimroof-560-t-es-roof-fan-16100m3h-p-vrt-15279;48;kural2
VRT-15301;Vortice HEATMASTER F400 315 M4 0,25kW;smoke-exhaust-fans;vortice;vortice-vort-heatmaster-slimroof-smoke;vortice-heatmaster-duman-egzoz-fanlari;vortice-heatmaster-f400-315-m4-0-25kw-15301;;vortice-heatmaster-f400-315-m4-0-25kw-duman-egzoz-fani;vortice-heatmaster-f400-315-m4-0-25kw-smoke-exhaust-fan;/tr/urun/vortice-heatmaster-f400-315-m4-0-25kw-duman-egzoz-fani-p-vrt-15301;/en/products/vortice-heatmaster-f400-315-m4-0-25kw-smoke-exhaust-fan-p-vrt-15301;54;deger-dustu kural2
VRT-15302;Vortice HEATMASTER F400 355 M4 0,25kW;smoke-exhaust-fans;vortice;vortice-vort-heatmaster-slimroof-smoke;vortice-heatmaster-duman-egzoz-fanlari;vortice-heatmaster-f400-355-m4-0-25kw-15302;;vortice-heatmaster-f400-355-m4-0-25kw-duman-egzoz-fani;vortice-heatmaster-f400-355-m4-0-25kw-smoke-exhaust-fan;/tr/urun/vortice-heatmaster-f400-355-m4-0-25kw-duman-egzoz-fani-p-vrt-15302;/en/products/vortice-heatmaster-f400-355-m4-0-25kw-smoke-exhaust-fan-p-vrt-15302;54;deger-dustu kural2
VRT-15303;Vortice HEATMASTER F400 400 M4 0,55kW;smoke-exhaust-fans;vortice;vortice-vort-heatmaster-slimroof-smoke;vortice-heatmaster-duman-egzoz-fanlari;vortice-heatmaster-f400-400-m4-0-55kw-15303;;vortice-heatmaster-f400-400-m4-0-55kw-duman-egzoz-fani;vortice-heatmaster-f400-400-m4-0-55kw-smoke-exhaust-fan;/tr/urun/vortice-heatmaster-f400-400-m4-0-55kw-duman-egzoz-fani-p-vrt-15303;/en/products/vortice-heatmaster-f400-400-m4-0-55kw-smoke-exhaust-fan-p-vrt-15303;54;deger-dustu kural2
VRT-15311;Vortice SLIMROOF 630 T ES;roof-fans;vortice;vortice-vort-heatmaster-slimroof-roof;vortice-slimroof-cati-fanlari;vortice-slimroof-630-t-es-15311;;vortice-slimroof-630-t-es-cati-tipi-fan-18600m3h;vortice-slimroof-630-t-es-roof-fan-18600m3h;/tr/urun/vortice-slimroof-630-t-es-cati-tipi-fan-18600m3h-p-vrt-15311;/en/products/vortice-slimroof-630-t-es-roof-fan-18600m3h-p-vrt-15311;48;kural2
VRT-16107;Vortice CA 100 MD;duct-fans;vortice;vortice-vort-commercial-in-line-circular;vortice-vort-commercial-in-line-yuvarlak-kanal-fanlari;vortice-ca-100-md-16107;;vortice-ca-100-md-kanal-tipi-fan-383pa-340m3h;vortice-ca-100-md-inline-duct-fan-383pa-340m3h;/tr/urun/vortice-ca-100-md-kanal-tipi-fan-383pa-340m3h-p-vrt-16107;/en/products/vortice-ca-100-md-inline-duct-fan-383pa-340m3h-p-vrt-16107;45;kural2
VRT-16108;Vortice CA 125 MD;duct-fans;vortice;vortice-vort-commercial-in-line-circular;vortice-vort-commercial-in-line-yuvarlak-kanal-fanlari;vortice-ca-125-md-16108;;vortice-ca-125-md-kanal-tipi-fan-363pa-450m3h;vortice-ca-125-md-inline-duct-fan-363pa-450m3h;/tr/urun/vortice-ca-125-md-kanal-tipi-fan-363pa-450m3h-p-vrt-16108;/en/products/vortice-ca-125-md-inline-duct-fan-363pa-450m3h-p-vrt-16108;45;kural2
VRT-16109;Vortice CA 150 Q MD;duct-fans;vortice;vortice-vort-commercial-in-line-circular;vortice-vort-commercial-in-line-yuvarlak-kanal-fanlari;vortice-ca-150-q-md-16109;;vortice-ca-150-q-md-kanal-tipi-fan-343pa-500m3h;vortice-ca-150-q-md-inline-duct-fan-343pa-500m3h;/tr/urun/vortice-ca-150-q-md-kanal-tipi-fan-343pa-500m3h-p-vrt-16109;/en/products/vortice-ca-150-q-md-inline-duct-fan-343pa-500m3h-p-vrt-16109;47;kural2
VRT-16153;Vortice CA 150 MD;duct-fans;vortice;vortice-vort-commercial-in-line-circular;vortice-vort-commercial-in-line-yuvarlak-kanal-fanlari;vortice-ca-150-md-16153;;vortice-ca-150-md-kanal-tipi-fan-530pa-770m3h;vortice-ca-150-md-inline-duct-fan-530pa-770m3h;/tr/urun/vortice-ca-150-md-kanal-tipi-fan-530pa-770m3h-p-vrt-16153;/en/products/vortice-ca-150-md-inline-duct-fan-530pa-770m3h-p-vrt-16153;45;kural2
VRT-16155;Vortice CA 200 MD;duct-fans;vortice;vortice-vort-commercial-in-line-circular;vortice-vort-commercial-in-line-yuvarlak-kanal-fanlari;vortice-ca-200-md-16155;;vortice-ca-200-md-kanal-tipi-fan-471pa-1050m3h;vortice-ca-200-md-inline-duct-fan-471pa-1050m3h;/tr/urun/vortice-ca-200-md-kanal-tipi-fan-471pa-1050m3h-p-vrt-16155;/en/products/vortice-ca-200-md-inline-duct-fan-471pa-1050m3h-p-vrt-16155;46;kural2
VRT-16156;Vortice CA 250 MD;duct-fans;vortice;vortice-vort-commercial-in-line-circular;vortice-vort-commercial-in-line-yuvarlak-kanal-fanlari;vortice-ca-250-md-16156;;vortice-ca-250-md-kanal-tipi-fan-549pa-1300m3h;vortice-ca-250-md-inline-duct-fan-549pa-1300m3h;/tr/urun/vortice-ca-250-md-kanal-tipi-fan-549pa-1300m3h-p-vrt-16156;/en/products/vortice-ca-250-md-inline-duct-fan-549pa-1300m3h-p-vrt-16156;46;kural2
VRT-16157;Vortice CA 315 MD;duct-fans;vortice;vortice-vort-commercial-in-line-circular;vortice-vort-commercial-in-line-yuvarlak-kanal-fanlari;vortice-ca-315-md-16157;;vortice-ca-315-md-kanal-tipi-fan-706pa-1800m3h;vortice-ca-315-md-inline-duct-fan-706pa-1800m3h;/tr/urun/vortice-ca-315-md-kanal-tipi-fan-706pa-1800m3h-p-vrt-16157;/en/products/vortice-ca-315-md-inline-duct-fan-706pa-1800m3h-p-vrt-16157;46;kural2
VRT-16257;Vortice CA-RM 150 RF ES;roof-fans;vortice;vortice-radon-range-roof;vortice-radon-serisi-cati-fanlari;vortice-ca-rm-150-rf-es-16257;;vortice-ca-rm-150-rf-es-cati-tipi-fan-147mm;vortice-ca-rm-150-rf-es-roof-fan-147mm-225pa;/tr/urun/vortice-ca-rm-150-rf-es-cati-tipi-fan-147mm-p-vrt-16257;/en/products/vortice-ca-rm-150-rf-es-roof-fan-147mm-225pa-p-vrt-16257;43;deger-dustu
VRT-16258;Vortice CA-RM 160 RF ES;roof-fans;vortice;vortice-radon-range-roof;vortice-radon-serisi-cati-fanlari;vortice-ca-rm-160-rf-es-16258;;vortice-ca-rm-160-rf-es-cati-tipi-fan-157mm;vortice-ca-rm-160-rf-es-roof-fan-157mm-1010pa;/tr/urun/vortice-ca-rm-160-rf-es-cati-tipi-fan-157mm-p-vrt-16258;/en/products/vortice-ca-rm-160-rf-es-roof-fan-157mm-1010pa-p-vrt-16258;43;deger-dustu
VRT-16259;Vortice CA-RM 200 RF ES;roof-fans;vortice;vortice-radon-range-roof;vortice-radon-serisi-cati-fanlari;vortice-ca-rm-200-rf-es-16259;;vortice-ca-rm-200-rf-es-cati-tipi-fan-197mm;vortice-ca-rm-200-rf-es-roof-fan-197mm-1040pa;/tr/urun/vortice-ca-rm-200-rf-es-cati-tipi-fan-197mm-p-vrt-16259;/en/products/vortice-ca-rm-200-rf-es-roof-fan-197mm-1040pa-p-vrt-16259;43;deger-dustu
VRT-16277;Vortice CA-RM 100 ES;duct-fans;vortice;vortice-radon-range-circular;vortice-radon-serisi-kanal-fanlari;vortice-ca-rm-100-es-16277;;vortice-ca-rm-100-es-kanal-tipi-fan-97mm-589pa;vortice-ca-rm-100-es-inline-duct-fan-97mm-589pa;/tr/urun/vortice-ca-rm-100-es-kanal-tipi-fan-97mm-589pa-p-vrt-16277;/en/products/vortice-ca-rm-100-es-inline-duct-fan-97mm-589pa-p-vrt-16277;46;deger-dustu
VRT-16278;Vortice CA-RM 125 ES;duct-fans;vortice;vortice-radon-range-circular;vortice-radon-serisi-kanal-fanlari;vortice-ca-rm-125-es-16278;;vortice-ca-rm-125-es-kanal-tipi-fan-122mm-564pa;vortice-ca-rm-125-es-inline-duct-fan-122mm-564pa;/tr/urun/vortice-ca-rm-125-es-kanal-tipi-fan-122mm-564pa-p-vrt-16278;/en/products/vortice-ca-rm-125-es-inline-duct-fan-122mm-564pa-p-vrt-16278;47;deger-dustu
VRT-16279;Vortice CA-RM 150 ES;duct-fans;vortice;vortice-radon-range-circular;vortice-radon-serisi-kanal-fanlari;vortice-ca-rm-150-es-16279;;vortice-ca-rm-150-es-kanal-tipi-fan-147mm-902pa;vortice-ca-rm-150-es-inline-duct-fan-147mm-902pa;/tr/urun/vortice-ca-rm-150-es-kanal-tipi-fan-147mm-902pa-p-vrt-16279;/en/products/vortice-ca-rm-150-es-inline-duct-fan-147mm-902pa-p-vrt-16279;47;deger-dustu
VRT-16280;Vortice CA-RM 160 ES;duct-fans;vortice;vortice-radon-range-circular;vortice-radon-serisi-kanal-fanlari;vortice-ca-rm-160-es-16280;;vortice-ca-rm-160-es-kanal-tipi-fan-157mm-922pa;vortice-ca-rm-160-es-inline-duct-fan-157mm-922pa;/tr/urun/vortice-ca-rm-160-es-kanal-tipi-fan-157mm-922pa-p-vrt-16280;/en/products/vortice-ca-rm-160-es-inline-duct-fan-157mm-922pa-p-vrt-16280;47;deger-dustu
VRT-16281;Vortice CA-RM 200 ES;duct-fans;vortice;vortice-radon-range-circular;vortice-radon-serisi-kanal-fanlari;vortice-ca-rm-200-es-16281;;vortice-ca-rm-200-es-kanal-tipi-fan-197mm-1030pa;vortice-ca-rm-200-es-inline-duct-fan-197mm-1030pa;/tr/urun/vortice-ca-rm-200-es-kanal-tipi-fan-197mm-1030pa-p-vrt-16281;/en/products/vortice-ca-rm-200-es-inline-duct-fan-197mm-1030pa-p-vrt-16281;48;deger-dustu
VRT-17143;Vortice Lineo 100 Q;duct-fans;vortice;vortice-lineo;vortice-lineo-kanal-fanlari;vortice-lineo-100-q-17143;;vortice-lineo-100-q-kanal-tipi-fan-74pa-200m3h;vortice-lineo-100-q-inline-duct-fan-74pa-200m3h;/tr/urun/vortice-lineo-100-q-kanal-tipi-fan-74pa-200m3h-p-vrt-17143;/en/products/vortice-lineo-100-q-inline-duct-fan-74pa-200m3h-p-vrt-17143;46;kural2
VRT-17144;Vortice Lineo 100;duct-fans;vortice;vortice-lineo;vortice-lineo-kanal-fanlari;vortice-lineo-100-17144;;vortice-lineo-100-kanal-tipi-fan-162pa-255m3h;vortice-lineo-100-inline-duct-fan-162pa-255m3h;/tr/urun/vortice-lineo-100-kanal-tipi-fan-162pa-255m3h-p-vrt-17144;/en/products/vortice-lineo-100-inline-duct-fan-162pa-255m3h-p-vrt-17144;45;kural2
VRT-17145;Vortice Lineo 125;duct-fans;vortice;vortice-lineo;vortice-lineo-kanal-fanlari;vortice-lineo-125-17145;;vortice-lineo-125-kanal-tipi-fan-167pa-365m3h;vortice-lineo-125-inline-duct-fan-167pa-365m3h;/tr/urun/vortice-lineo-125-kanal-tipi-fan-167pa-365m3h-p-vrt-17145;/en/products/vortice-lineo-125-inline-duct-fan-167pa-365m3h-p-vrt-17145;45;kural2
VRT-17146;Vortice Lineo 150;duct-fans;vortice;vortice-lineo;vortice-lineo-kanal-fanlari;vortice-lineo-150-17146;;vortice-lineo-150-kanal-tipi-fan-265pa-550m3h;vortice-lineo-150-inline-duct-fan-265pa-550m3h;/tr/urun/vortice-lineo-150-kanal-tipi-fan-265pa-550m3h-p-vrt-17146;/en/products/vortice-lineo-150-inline-duct-fan-265pa-550m3h-p-vrt-17146;45;kural2
VRT-17160;Vortice Lineo 100 Quiet;duct-fans;vortice;vortice-lineo-quiet;vortice-lineo-quiet-sessiz-kanal-fanlari;vortice-lineo-100-quiet-17160;;vortice-lineo-100-quiet-kanal-tipi-fan-147pa-260m3h;vortice-lineo-100-quiet-inline-duct-fan-147pa-260m3h;/tr/urun/vortice-lineo-100-quiet-kanal-tipi-fan-147pa-260m3h-p-vrt-17160;/en/products/vortice-lineo-100-quiet-inline-duct-fan-147pa-260m3h-p-vrt-17160;51;kural2
VRT-17161;Vortice Lineo 125 Quiet;duct-fans;vortice;vortice-lineo-quiet;vortice-lineo-quiet-sessiz-kanal-fanlari;vortice-lineo-125-quiet-17161;;vortice-lineo-125-quiet-kanal-tipi-fan-137pa-320m3h;vortice-lineo-125-quiet-inline-duct-fan-137pa-320m3h;/tr/urun/vortice-lineo-125-quiet-kanal-tipi-fan-137pa-320m3h-p-vrt-17161;/en/products/vortice-lineo-125-quiet-inline-duct-fan-137pa-320m3h-p-vrt-17161;51;kural2
VRT-17162;Vortice Lineo 150 Quiet;duct-fans;vortice;vortice-lineo-quiet;vortice-lineo-quiet-sessiz-kanal-fanlari;vortice-lineo-150-quiet-17162;;vortice-lineo-150-quiet-kanal-tipi-fan-211pa-510m3h;vortice-lineo-150-quiet-inline-duct-fan-211pa-510m3h;/tr/urun/vortice-lineo-150-quiet-kanal-tipi-fan-211pa-510m3h-p-vrt-17162;/en/products/vortice-lineo-150-quiet-inline-duct-fan-211pa-510m3h-p-vrt-17162;51;kural2
VRT-17164;Vortice Lineo 200 Quiet;duct-fans;vortice;vortice-lineo-quiet;vortice-lineo-quiet-sessiz-kanal-fanlari;vortice-lineo-200-quiet-17164;;vortice-lineo-200-quiet-kanal-tipi-fan-284pa-1160m3h;vortice-lineo-200-quiet-inline-duct-fan-284pa-1160m3h;/tr/urun/vortice-lineo-200-quiet-kanal-tipi-fan-284pa-1160m3h-p-vrt-17164;/en/products/vortice-lineo-200-quiet-inline-duct-fan-284pa-1160m3h-p-vrt-17164;52;kural2
VRT-17165;Vortice Lineo 250 Quiet;duct-fans;vortice;vortice-lineo-quiet;vortice-lineo-quiet-sessiz-kanal-fanlari;vortice-lineo-250-quiet-17165;;vortice-lineo-250-quiet-kanal-tipi-fan-339pa-1550m3h;vortice-lineo-250-quiet-inline-duct-fan-339pa-1550m3h;/tr/urun/vortice-lineo-250-quiet-kanal-tipi-fan-339pa-1550m3h-p-vrt-17165;/en/products/vortice-lineo-250-quiet-inline-duct-fan-339pa-1550m3h-p-vrt-17165;52;kural2
VRT-17166;Vortice Lineo 315 Quiet;duct-fans;vortice;vortice-lineo-quiet;vortice-lineo-quiet-sessiz-kanal-fanlari;vortice-lineo-315-quiet-17166;;vortice-lineo-315-quiet-kanal-tipi-fan-526pa-2890m3h;vortice-lineo-315-quiet-inline-duct-fan-526pa-2890m3h;/tr/urun/vortice-lineo-315-quiet-kanal-tipi-fan-526pa-2890m3h-p-vrt-17166;/en/products/vortice-lineo-315-quiet-inline-duct-fan-526pa-2890m3h-p-vrt-17166;52;kural2
VRT-17170;Vortice Lineo 100 Quiet ES;duct-fans;vortice;vortice-lineo-quiet;vortice-lineo-quiet-sessiz-kanal-fanlari;vortice-lineo-100-quiet-es-17170;;vortice-lineo-100-quiet-es-kanal-tipi-fan-243pa-300m3h;vortice-lineo-100-quiet-es-inline-duct-fan-243pa-300m3h;/tr/urun/vortice-lineo-100-quiet-es-kanal-tipi-fan-243pa-300m3h-p-vrt-17170;/en/products/vortice-lineo-100-quiet-es-inline-duct-fan-243pa-300m3h-p-vrt-17170;54;kural2
VRT-17171;Vortice Lineo 125 Quiet ES;duct-fans;vortice;vortice-lineo-quiet;vortice-lineo-quiet-sessiz-kanal-fanlari;vortice-lineo-125-quiet-es-17171;;vortice-lineo-125-quiet-es-kanal-tipi-fan-232pa-380m3h;vortice-lineo-125-quiet-es-inline-duct-fan-232pa-380m3h;/tr/urun/vortice-lineo-125-quiet-es-kanal-tipi-fan-232pa-380m3h-p-vrt-17171;/en/products/vortice-lineo-125-quiet-es-inline-duct-fan-232pa-380m3h-p-vrt-17171;54;kural2
VRT-17172;Vortice Lineo 150 Quiet ES;duct-fans;vortice;vortice-lineo-quiet;vortice-lineo-quiet-sessiz-kanal-fanlari;vortice-lineo-150-quiet-es-17172;;vortice-lineo-150-quiet-es-kanal-tipi-fan-237pa-515m3h;vortice-lineo-150-quiet-es-inline-duct-fan-237pa-515m3h;/tr/urun/vortice-lineo-150-quiet-es-kanal-tipi-fan-237pa-515m3h-p-vrt-17172;/en/products/vortice-lineo-150-quiet-es-inline-duct-fan-237pa-515m3h-p-vrt-17172;54;kural2
VRT-17174;Vortice Lineo 200 Quiet ES;duct-fans;vortice;vortice-lineo-quiet;vortice-lineo-quiet-sessiz-kanal-fanlari;vortice-lineo-200-quiet-es-17174;;vortice-lineo-200-quiet-es-kanal-tipi-fan-330pa-1145m3h;vortice-lineo-200-quiet-es-inline-duct-fan-330pa-1145m3h;/tr/urun/vortice-lineo-200-quiet-es-kanal-tipi-fan-330pa-1145m3h-p-vrt-17174;/en/products/vortice-lineo-200-quiet-es-inline-duct-fan-330pa-1145m3h-p-vrt-17174;55;kural2
VRT-17175;Vortice Lineo 250 Quiet ES;duct-fans;vortice;vortice-lineo-quiet;vortice-lineo-quiet-sessiz-kanal-fanlari;vortice-lineo-250-quiet-es-17175;;vortice-lineo-250-quiet-es-kanal-tipi-fan-368pa-1485m3h;vortice-lineo-250-quiet-es-inline-duct-fan-368pa-1485m3h;/tr/urun/vortice-lineo-250-quiet-es-kanal-tipi-fan-368pa-1485m3h-p-vrt-17175;/en/products/vortice-lineo-250-quiet-es-inline-duct-fan-368pa-1485m3h-p-vrt-17175;55;kural2
VRT-17176;Vortice Lineo 315 Quiet ES;duct-fans;vortice;vortice-lineo-quiet;vortice-lineo-quiet-sessiz-kanal-fanlari;vortice-lineo-315-quiet-es-17176;;vortice-lineo-315-quiet-es-kanal-tipi-fan-380pa-2630m3h;vortice-lineo-315-quiet-es-inline-duct-fan-380pa-2630m3h;/tr/urun/vortice-lineo-315-quiet-es-kanal-tipi-fan-380pa-2630m3h-p-vrt-17176;/en/products/vortice-lineo-315-quiet-es-inline-duct-fan-380pa-2630m3h-p-vrt-17176;55;kural2
VRT-17180;Vortice Lineo 200;duct-fans;vortice;vortice-lineo;vortice-lineo-kanal-fanlari;vortice-lineo-200-17180;;vortice-lineo-200-kanal-tipi-fan-324pa-1060m3h;vortice-lineo-200-inline-duct-fan-324pa-1060m3h;/tr/urun/vortice-lineo-200-kanal-tipi-fan-324pa-1060m3h-p-vrt-17180;/en/products/vortice-lineo-200-inline-duct-fan-324pa-1060m3h-p-vrt-17180;46;kural2
VRT-17181;Vortice Lineo 250;duct-fans;vortice;vortice-lineo;vortice-lineo-kanal-fanlari;vortice-lineo-250-17181;;vortice-lineo-250-kanal-tipi-fan-520pa-1350m3h;vortice-lineo-250-inline-duct-fan-520pa-1350m3h;/tr/urun/vortice-lineo-250-kanal-tipi-fan-520pa-1350m3h-p-vrt-17181;/en/products/vortice-lineo-250-inline-duct-fan-520pa-1350m3h-p-vrt-17181;46;kural2
VRT-17182;Vortice Lineo 315;duct-fans;vortice;vortice-lineo;vortice-lineo-kanal-fanlari;vortice-lineo-315-17182;;vortice-lineo-315-kanal-tipi-fan-559pa-2590m3h;vortice-lineo-315-inline-duct-fan-559pa-2590m3h;/tr/urun/vortice-lineo-315-kanal-tipi-fan-559pa-2590m3h-p-vrt-17182;/en/products/vortice-lineo-315-inline-duct-fan-559pa-2590m3h-p-vrt-17182;46;kural2
VRT-253080106XN;VORTICENT CMS ATEX 12/5 T4 0,09kW;centrifugal-fans;vortice;vortice-vorticent-cms-atex;vortice-vorticent-cms-atex-santrifuj-fanlar;vorticent-cms-atex-12-5-t4-0-09kw-253080106xn;;vortice-vorticent-cms-atex-12-5-t4-0-09kw-radyal-fan;vortice-vorticent-cms-atex-12-5-t4-0-09kw-centrifugal-fan;/tr/urun/vortice-vorticent-cms-atex-12-5-t4-0-09kw-radyal-fan-p-vrt-253080106xn;/en/products/vortice-vorticent-cms-atex-12-5-t4-0-09kw-centrifugal-fan-p-vrt-253080106xn;52;KELIME>10 specs-bos
VRT-253090106XE;VORTICENT CMS ATEX 14/5 T4 0,09kW;centrifugal-fans;vortice;vortice-vorticent-cms-atex;vortice-vorticent-cms-atex-santrifuj-fanlar;vorticent-cms-atex-14-5-t4-0-09kw-253090106xe;;vortice-vorticent-cms-atex-14-5-t4-0-09kw-radyal-fan;vortice-vorticent-cms-atex-14-5-t4-0-09kw-centrifugal-fan;/tr/urun/vortice-vorticent-cms-atex-14-5-t4-0-09kw-radyal-fan-p-vrt-253090106xe;/en/products/vortice-vorticent-cms-atex-14-5-t4-0-09kw-centrifugal-fan-p-vrt-253090106xe;52;KELIME>10 specs-bos
VRT-253100106XN;VORTICENT CMS ATEX 14/5 T2 0,25kW;centrifugal-fans;vortice;vortice-vorticent-cms-atex;vortice-vorticent-cms-atex-santrifuj-fanlar;vorticent-cms-atex-14-5-t2-0-25kw-253100106xn;;vortice-vorticent-cms-atex-14-5-t2-0-25kw-radyal-fan;vortice-vorticent-cms-atex-14-5-t2-0-25kw-centrifugal-fan;/tr/urun/vortice-vorticent-cms-atex-14-5-t2-0-25kw-radyal-fan-p-vrt-253100106xn;/en/products/vortice-vorticent-cms-atex-14-5-t2-0-25kw-centrifugal-fan-p-vrt-253100106xn;52;KELIME>10 specs-bos
VRT-253110106XN;VORTICENT CMS ATEX 16/6 T2 0,37kW;centrifugal-fans;vortice;vortice-vorticent-cms-atex;vortice-vorticent-cms-atex-santrifuj-fanlar;vorticent-cms-atex-16-6-t2-0-37kw-253110106xn;;vortice-vorticent-cms-atex-16-6-t2-0-37kw-radyal-fan;vortice-vorticent-cms-atex-16-6-t2-0-37kw-centrifugal-fan;/tr/urun/vortice-vorticent-cms-atex-16-6-t2-0-37kw-radyal-fan-p-vrt-253110106xn;/en/products/vortice-vorticent-cms-atex-16-6-t2-0-37kw-centrifugal-fan-p-vrt-253110106xn;52;KELIME>10 specs-bos
VRT-253260106XN;VORTICENT CMS ATEX 22/9 T4 0,37kW;centrifugal-fans;vortice;vortice-vorticent-cms-atex;vortice-vorticent-cms-atex-santrifuj-fanlar;vorticent-cms-atex-22-9-t4-0-37kw-253260106xn;;vortice-vorticent-cms-atex-22-9-t4-0-37kw-radyal-fan;vortice-vorticent-cms-atex-22-9-t4-0-37kw-centrifugal-fan;/tr/urun/vortice-vorticent-cms-atex-22-9-t4-0-37kw-radyal-fan-p-vrt-253260106xn;/en/products/vortice-vorticent-cms-atex-22-9-t4-0-37kw-centrifugal-fan-p-vrt-253260106xn;52;KELIME>10 specs-bos
VRT-253320106XN;VORTICENT CMS ATEX 25/10 T4 0,75kW;centrifugal-fans;vortice;vortice-vorticent-cms-atex;vortice-vorticent-cms-atex-santrifuj-fanlar;vorticent-cms-atex-25-10-t4-0-75kw-253320106xn;;vortice-vorticent-cms-atex-25-10-t4-0-75kw-radyal-fan;vortice-vorticent-cms-atex-25-10-t4-0-75kw-centrifugal-fan;/tr/urun/vortice-vorticent-cms-atex-25-10-t4-0-75kw-radyal-fan-p-vrt-253320106xn;/en/products/vortice-vorticent-cms-atex-25-10-t4-0-75kw-centrifugal-fan-p-vrt-253320106xn;53;KELIME>10 specs-bos
VRT-253410106XN;VORTICENT CMS ATEX 28/11 T4 1,1kW;centrifugal-fans;vortice;vortice-vorticent-cms-atex;vortice-vorticent-cms-atex-santrifuj-fanlar;vorticent-cms-atex-28-11-t4-1-1kw-253410106xn;;vortice-vorticent-cms-atex-28-11-t4-1-1kw-radyal-fan;vortice-vorticent-cms-atex-28-11-t4-1-1kw-centrifugal-fan;/tr/urun/vortice-vorticent-cms-atex-28-11-t4-1-1kw-radyal-fan-p-vrt-253410106xn;/en/products/vortice-vorticent-cms-atex-28-11-t4-1-1kw-centrifugal-fan-p-vrt-253410106xn;52;KELIME>10 specs-bos
VRT-253420106XN;VORTICENT CMS ATEX 31/12 T4 2,2kW;centrifugal-fans;vortice;vortice-vorticent-cms-atex;vortice-vorticent-cms-atex-santrifuj-fanlar;vorticent-cms-atex-31-12-t4-2-2kw-253420106xn;;vortice-vorticent-cms-atex-31-12-t4-2-2kw-radyal-fan;vortice-vorticent-cms-atex-31-12-t4-2-2kw-centrifugal-fan;/tr/urun/vortice-vorticent-cms-atex-31-12-t4-2-2kw-radyal-fan-p-vrt-253420106xn;/en/products/vortice-vorticent-cms-atex-31-12-t4-2-2kw-centrifugal-fan-p-vrt-253420106xn;52;KELIME>10 specs-bos
VRT-253490106XN;VORTICENT CMS ATEX 35/14 T4 4kW;centrifugal-fans;vortice;vortice-vorticent-cms-atex;vortice-vorticent-cms-atex-santrifuj-fanlar;vorticent-cms-atex-35-14-t4-4kw-253490106xn;;vortice-vorticent-cms-atex-35-14-t4-4kw-radyal-fan;vortice-vorticent-cms-atex-35-14-t4-4kw-centrifugal-fan;/tr/urun/vortice-vorticent-cms-atex-35-14-t4-4kw-radyal-fan-p-vrt-253490106xn;/en/products/vortice-vorticent-cms-atex-35-14-t4-4kw-centrifugal-fan-p-vrt-253490106xn;50;specs-bos
VRT-253510106XN;VORTICENT CMS ATEX 40/16 T4 7,5kW;centrifugal-fans;vortice;vortice-vorticent-cms-atex;vortice-vorticent-cms-atex-santrifuj-fanlar;vorticent-cms-atex-40-16-t4-7-5kw-253510106xn;;vortice-vorticent-cms-atex-40-16-t4-7-5kw-radyal-fan;vortice-vorticent-cms-atex-40-16-t4-7-5kw-centrifugal-fan;/tr/urun/vortice-vorticent-cms-atex-40-16-t4-7-5kw-radyal-fan-p-vrt-253510106xn;/en/products/vortice-vorticent-cms-atex-40-16-t4-7-5kw-centrifugal-fan-p-vrt-253510106xn;52;KELIME>10 specs-bos
VRT-253530121XN;VORTICENT CMS ATEX 45/18 T4 11kW;centrifugal-fans;vortice;vortice-vorticent-cms-atex;vortice-vorticent-cms-atex-santrifuj-fanlar;vorticent-cms-atex-45-18-t4-11kw-253530121xn;;vortice-vorticent-cms-atex-45-18-t4-11kw-radyal-fan;vortice-vorticent-cms-atex-45-18-t4-11kw-centrifugal-fan;/tr/urun/vortice-vorticent-cms-atex-45-18-t4-11kw-radyal-fan-p-vrt-253530121xn;/en/products/vortice-vorticent-cms-atex-45-18-t4-11kw-centrifugal-fan-p-vrt-253530121xn;51;specs-bos
VRT-26020;Vortice DEUMIDO NG 10;dehumidifiers;vortice;vortice-deumido-range;vortice-deumido-nem-alma-cihazlari;vortice-deumido-ng-10-26020;;vortice-deumido-ng-10-nem-alma-cihazi-0-26kw;vortice-deumido-ng-10-dehumidifier-0-26kw;/tr/urun/vortice-deumido-ng-10-nem-alma-cihazi-0-26kw-p-vrt-26020;/en/products/vortice-deumido-ng-10-dehumidifier-0-26kw-p-vrt-26020;44;kural2
VRT-26021;Vortice DEUMIDO NG 16;dehumidifiers;vortice;vortice-deumido-range;vortice-deumido-nem-alma-cihazlari;vortice-deumido-ng-16-26021;;vortice-deumido-ng-16-nem-alma-cihazi-0-34kw;vortice-deumido-ng-16-dehumidifier-0-34kw;/tr/urun/vortice-deumido-ng-16-nem-alma-cihazi-0-34kw-p-vrt-26021;/en/products/vortice-deumido-ng-16-dehumidifier-0-34kw-p-vrt-26021;44;kural2
VRT-26022;Vortice DEUMIDO NG 20;dehumidifiers;vortice;vortice-deumido-range;vortice-deumido-nem-alma-cihazlari;vortice-deumido-ng-20-26022;;vortice-deumido-ng-20-nem-alma-cihazi-0-5kw;vortice-deumido-ng-20-dehumidifier-0-5kw;/tr/urun/vortice-deumido-ng-20-nem-alma-cihazi-0-5kw-p-vrt-26022;/en/products/vortice-deumido-ng-20-dehumidifier-0-5kw-p-vrt-26022;43;kural2
VRT-40320;Vortice E 254 M ATEX;axial-industrial-fans;vortice;vortice-vort-e-atex;vortice-vort-e-atex-fanlar;vortice-e-254-m-atex-40320;;vortice-e-254-m-atex-aksiyel-fan-250mm-1145m3h-126pa;vortice-e-254-m-atex-axial-fan-250mm-1145m3h-126pa;/tr/urun/vortice-e-254-m-atex-aksiyel-fan-250mm-1145m3h-126pa-p-vrt-40320;/en/products/vortice-e-254-m-atex-axial-fan-250mm-1145m3h-126pa-p-vrt-40320;52;
VRT-40321;Vortice E 304 M ATEX;axial-industrial-fans;vortice;vortice-vort-e-atex;vortice-vort-e-atex-fanlar;vortice-e-304-m-atex-40321;;vortice-e-304-m-atex-aksiyel-fan-315mm-1700m3h-169pa;vortice-e-304-m-atex-axial-fan-315mm-1700m3h-169pa;/tr/urun/vortice-e-304-m-atex-aksiyel-fan-315mm-1700m3h-169pa-p-vrt-40321;/en/products/vortice-e-304-m-atex-axial-fan-315mm-1700m3h-169pa-p-vrt-40321;52;
VRT-40322;Vortice E 354 M ATEX;axial-industrial-fans;vortice;vortice-vort-e-atex;vortice-vort-e-atex-fanlar;vortice-e-354-m-atex-40322;;vortice-e-354-m-atex-aksiyel-fan-355mm-2600m3h-181pa;vortice-e-354-m-atex-axial-fan-355mm-2600m3h-181pa;/tr/urun/vortice-e-354-m-atex-aksiyel-fan-355mm-2600m3h-181pa-p-vrt-40322;/en/products/vortice-e-354-m-atex-axial-fan-355mm-2600m3h-181pa-p-vrt-40322;52;
VRT-40323;Vortice E 404 M ATEX;axial-industrial-fans;vortice;vortice-vort-e-atex;vortice-vort-e-atex-fanlar;vortice-e-404-m-atex-40323;;vortice-e-404-m-atex-aksiyel-fan-400mm-3610m3h-205pa;vortice-e-404-m-atex-axial-fan-400mm-3610m3h-205pa;/tr/urun/vortice-e-404-m-atex-aksiyel-fan-400mm-3610m3h-205pa-p-vrt-40323;/en/products/vortice-e-404-m-atex-axial-fan-400mm-3610m3h-205pa-p-vrt-40323;52;
VRT-40324;Vortice E 454 M ATEX;axial-industrial-fans;vortice;vortice-vort-e-atex;vortice-vort-e-atex-fanlar;vortice-e-454-m-atex-40324;;vortice-e-454-m-atex-aksiyel-fan-450mm-4690m3h-197pa;vortice-e-454-m-atex-axial-fan-450mm-4690m3h-197pa;/tr/urun/vortice-e-454-m-atex-aksiyel-fan-450mm-4690m3h-197pa-p-vrt-40324;/en/products/vortice-e-454-m-atex-axial-fan-450mm-4690m3h-197pa-p-vrt-40324;52;
VRT-40325;Vortice E 254 T ATEX;axial-industrial-fans;vortice;vortice-vort-e-atex;vortice-vort-e-atex-fanlar;vortice-e-254-t-atex-40325;;vortice-e-254-t-atex-aksiyel-fan-250mm-1175m3h-130pa;vortice-e-254-t-atex-axial-fan-250mm-1175m3h-130pa;/tr/urun/vortice-e-254-t-atex-aksiyel-fan-250mm-1175m3h-130pa-p-vrt-40325;/en/products/vortice-e-254-t-atex-axial-fan-250mm-1175m3h-130pa-p-vrt-40325;52;
VRT-40326;Vortice E 304 T ATEX;axial-industrial-fans;vortice;vortice-vort-e-atex;vortice-vort-e-atex-fanlar;vortice-e-304-t-atex-40326;;vortice-e-304-t-atex-aksiyel-fan-315mm-1811m3h-170pa;vortice-e-304-t-atex-axial-fan-315mm-1811m3h-170pa;/tr/urun/vortice-e-304-t-atex-aksiyel-fan-315mm-1811m3h-170pa-p-vrt-40326;/en/products/vortice-e-304-t-atex-axial-fan-315mm-1811m3h-170pa-p-vrt-40326;52;
VRT-40327;Vortice E 354 T ATEX;axial-industrial-fans;vortice;vortice-vort-e-atex;vortice-vort-e-atex-fanlar;vortice-e-354-t-atex-40327;;vortice-e-354-t-atex-aksiyel-fan-355mm-2548m3h-184pa;vortice-e-354-t-atex-axial-fan-355mm-2548m3h-184pa;/tr/urun/vortice-e-354-t-atex-aksiyel-fan-355mm-2548m3h-184pa-p-vrt-40327;/en/products/vortice-e-354-t-atex-axial-fan-355mm-2548m3h-184pa-p-vrt-40327;52;
VRT-40328;Vortice E 404 T ATEX;axial-industrial-fans;vortice;vortice-vort-e-atex;vortice-vort-e-atex-fanlar;vortice-e-404-t-atex-40328;;vortice-e-404-t-atex-aksiyel-fan-400mm-3460m3h-182pa;vortice-e-404-t-atex-axial-fan-400mm-3460m3h-182pa;/tr/urun/vortice-e-404-t-atex-aksiyel-fan-400mm-3460m3h-182pa-p-vrt-40328;/en/products/vortice-e-404-t-atex-axial-fan-400mm-3460m3h-182pa-p-vrt-40328;52;
VRT-40329;Vortice E 454 T ATEX;axial-industrial-fans;vortice;vortice-vort-e-atex;vortice-vort-e-atex-fanlar;vortice-e-454-t-atex-40329;;vortice-e-454-t-atex-aksiyel-fan-450mm-4430m3h-174pa;vortice-e-454-t-atex-axial-fan-450mm-4430m3h-174pa;/tr/urun/vortice-e-454-t-atex-aksiyel-fan-450mm-4430m3h-174pa-p-vrt-40329;/en/products/vortice-e-454-t-atex-axial-fan-450mm-4430m3h-174pa-p-vrt-40329;52;
VRT-40330;Vortice E 504 T ATEX;axial-industrial-fans;vortice;vortice-vort-e-atex;vortice-vort-e-atex-fanlar;vortice-e-504-t-atex-40330;;vortice-e-504-t-atex-aksiyel-fan-500mm-5100m3h-187pa;vortice-e-504-t-atex-axial-fan-500mm-5100m3h-187pa;/tr/urun/vortice-e-504-t-atex-aksiyel-fan-500mm-5100m3h-187pa-p-vrt-40330;/en/products/vortice-e-504-t-atex-axial-fan-500mm-5100m3h-187pa-p-vrt-40330;52;
VRT-40331;Vortice E 604 T ATEX;axial-industrial-fans;vortice;vortice-vort-e-atex;vortice-vort-e-atex-fanlar;vortice-e-604-t-atex-40331;;vortice-e-604-t-atex-aksiyel-fan-630mm-6550m3h-180pa;vortice-e-604-t-atex-axial-fan-630mm-6550m3h-180pa;/tr/urun/vortice-e-604-t-atex-aksiyel-fan-630mm-6550m3h-180pa-p-vrt-40331;/en/products/vortice-e-604-t-atex-axial-fan-630mm-6550m3h-180pa-p-vrt-40331;52;
VRT-40332;Vortice E 606 T ATEX;axial-industrial-fans;vortice;vortice-vort-e-atex;vortice-vort-e-atex-fanlar;vortice-e-606-t-atex-40332;;vortice-e-606-t-atex-aksiyel-fan-630mm-5100m3h-113pa;vortice-e-606-t-atex-axial-fan-630mm-5100m3h-113pa;/tr/urun/vortice-e-606-t-atex-aksiyel-fan-630mm-5100m3h-113pa-p-vrt-40332;/en/products/vortice-e-606-t-atex-axial-fan-630mm-5100m3h-113pa-p-vrt-40332;52;
VRT-40333;Vortice E 506 T ATEX;axial-industrial-fans;vortice;vortice-vort-e-atex;vortice-vort-e-atex-fanlar;vortice-e-506-t-atex-40333;;vortice-e-506-t-atex-aksiyel-fan-500mm-3580m3h-94pa;vortice-e-506-t-atex-axial-fan-500mm-3580m3h-94pa;/tr/urun/vortice-e-506-t-atex-aksiyel-fan-500mm-3580m3h-94pa-p-vrt-40333;/en/products/vortice-e-506-t-atex-axial-fan-500mm-3580m3h-94pa-p-vrt-40333;51;
VRT-40703;Vortice E 354 M;axial-industrial-fans;vortice;vortice-vort-industrial-ventilation-axial;vortice-aksiyel-endustriyel-fanlar;vortice-e-354-m-40703;;vortice-e-354-m-aksiyel-fan-350mm-1850m3h-45pa;vortice-e-354-m-axial-fan-350mm-1850m3h-45pa;/tr/urun/vortice-e-354-m-aksiyel-fan-350mm-1850m3h-45pa-p-vrt-40703;/en/products/vortice-e-354-m-axial-fan-350mm-1850m3h-45pa-p-vrt-40703;46;
VRT-40903;Vortice E 404 M;axial-industrial-fans;vortice;vortice-vort-industrial-ventilation-axial;vortice-aksiyel-endustriyel-fanlar;vortice-e-404-m-40903;;vortice-e-404-m-aksiyel-fan-400mm-3150m3h-118pa;vortice-e-404-m-axial-fan-400mm-3150m3h-118pa;/tr/urun/vortice-e-404-m-aksiyel-fan-400mm-3150m3h-118pa-p-vrt-40903;/en/products/vortice-e-404-m-axial-fan-400mm-3150m3h-118pa-p-vrt-40903;47;
VRT-41219;Vortice E 504 M;axial-industrial-fans;vortice;vortice-vort-industrial-ventilation-axial;vortice-aksiyel-endustriyel-fanlar;vortice-e-504-m-41219;;vortice-e-504-m-aksiyel-fan-500mm-4500m3h-59pa;vortice-e-504-m-axial-fan-500mm-4500m3h-59pa;/tr/urun/vortice-e-504-m-aksiyel-fan-500mm-4500m3h-59pa-p-vrt-41219;/en/products/vortice-e-504-m-axial-fan-500mm-4500m3h-59pa-p-vrt-41219;46;
VRT-41459;Vortice E 604 M;axial-industrial-fans;vortice;vortice-vort-industrial-ventilation-axial;vortice-aksiyel-endustriyel-fanlar;vortice-e-604-m-41459;;vortice-e-604-m-aksiyel-fan-600mm-7000m3h-80pa;vortice-e-604-m-axial-fan-600mm-7000m3h-80pa;/tr/urun/vortice-e-604-m-aksiyel-fan-600mm-7000m3h-80pa-p-vrt-41459;/en/products/vortice-e-604-m-axial-fan-600mm-7000m3h-80pa-p-vrt-41459;46;
VRT-42259;Vortice A-E 354 T;axial-industrial-fans;vortice;vortice-vort-industrial-ventilation-axial;vortice-aksiyel-endustriyel-fanlar;vortice-a-e-354-t-42259;;vortice-a-e-354-t-aksiyel-fan-350mm-2980m3h-115pa;vortice-a-e-354-t-axial-fan-350mm-2980m3h-115pa;/tr/urun/vortice-a-e-354-t-aksiyel-fan-350mm-2980m3h-115pa-p-vrt-42259;/en/products/vortice-a-e-354-t-axial-fan-350mm-2980m3h-115pa-p-vrt-42259;49;
VRT-42302;Vortice MP 302 T;axial-industrial-fans;vortice;vortice-vort-industrial-ventilation-axial;vortice-aksiyel-endustriyel-fanlar;vortice-mp-302-t-42302;;vortice-mp-302-t-aksiyel-fan-300mm-3500m3h-638pa;vortice-mp-302-t-axial-fan-300mm-3500m3h-638pa;/tr/urun/vortice-mp-302-t-aksiyel-fan-300mm-3500m3h-638pa-p-vrt-42302;/en/products/vortice-mp-302-t-axial-fan-300mm-3500m3h-638pa-p-vrt-42302;48;
VRT-42304;Vortice MP 304 T;axial-industrial-fans;vortice;vortice-vort-industrial-ventilation-axial;vortice-aksiyel-endustriyel-fanlar;vortice-mp-304-t-42304;;vortice-mp-304-t-aksiyel-fan-300mm-2040m3h-147pa;vortice-mp-304-t-axial-fan-300mm-2040m3h-147pa;/tr/urun/vortice-mp-304-t-aksiyel-fan-300mm-2040m3h-147pa-p-vrt-42304;/en/products/vortice-mp-304-t-axial-fan-300mm-2040m3h-147pa-p-vrt-42304;48;
VRT-42308;Vortice A-E 454 T;axial-industrial-fans;vortice;vortice-vort-industrial-ventilation-axial;vortice-aksiyel-endustriyel-fanlar;vortice-a-e-454-t-42308;;vortice-a-e-454-t-aksiyel-fan-450mm-5187m3h-155pa;vortice-a-e-454-t-axial-fan-450mm-5187m3h-155pa;/tr/urun/vortice-a-e-454-t-aksiyel-fan-450mm-5187m3h-155pa-p-vrt-42308;/en/products/vortice-a-e-454-t-axial-fan-450mm-5187m3h-155pa-p-vrt-42308;49;
VRT-42314;Vortice MP 354 T;axial-industrial-fans;vortice;vortice-vort-industrial-ventilation-axial;vortice-aksiyel-endustriyel-fanlar;vortice-mp-354-t-42314;;vortice-mp-354-t-aksiyel-fan-350mm-3150m3h-180pa;vortice-mp-354-t-axial-fan-350mm-3150m3h-180pa;/tr/urun/vortice-mp-354-t-aksiyel-fan-350mm-3150m3h-180pa-p-vrt-42314;/en/products/vortice-mp-354-t-axial-fan-350mm-3150m3h-180pa-p-vrt-42314;48;
VRT-42324;Vortice MP 404 T;axial-industrial-fans;vortice;vortice-vort-industrial-ventilation-axial;vortice-aksiyel-endustriyel-fanlar;vortice-mp-404-t-42324;;vortice-mp-404-t-aksiyel-fan-400mm-4350m3h-177pa;vortice-mp-404-t-axial-fan-400mm-4350m3h-177pa;/tr/urun/vortice-mp-404-t-aksiyel-fan-400mm-4350m3h-177pa-p-vrt-42324;/en/products/vortice-mp-404-t-axial-fan-400mm-4350m3h-177pa-p-vrt-42324;48;
VRT-42327;Vortice A-E 504 T;axial-industrial-fans;vortice;vortice-vort-industrial-ventilation-axial;vortice-aksiyel-endustriyel-fanlar;vortice-a-e-504-t-42327;;vortice-a-e-504-t-aksiyel-fan-500mm-6966m3h-128pa;vortice-a-e-504-t-axial-fan-500mm-6966m3h-128pa;/tr/urun/vortice-a-e-504-t-aksiyel-fan-500mm-6966m3h-128pa-p-vrt-42327;/en/products/vortice-a-e-504-t-axial-fan-500mm-6966m3h-128pa-p-vrt-42327;49;
VRT-42334;Vortice MP 506 T;axial-industrial-fans;vortice;vortice-vort-industrial-ventilation-axial;vortice-aksiyel-endustriyel-fanlar;vortice-mp-506-t-42334;;vortice-mp-506-t-aksiyel-fan-500mm-6100m3h-167pa;vortice-mp-506-t-axial-fan-500mm-6100m3h-167pa;/tr/urun/vortice-mp-506-t-aksiyel-fan-500mm-6100m3h-167pa-p-vrt-42334;/en/products/vortice-mp-506-t-axial-fan-500mm-6100m3h-167pa-p-vrt-42334;48;
VRT-42335;Vortice MP 454 T;axial-industrial-fans;vortice;vortice-vort-industrial-ventilation-axial;vortice-aksiyel-endustriyel-fanlar;vortice-mp-454-t-42335;;vortice-mp-454-t-aksiyel-fan-450mm-6800m3h-339pa;vortice-mp-454-t-axial-fan-450mm-6800m3h-339pa;/tr/urun/vortice-mp-454-t-aksiyel-fan-450mm-6800m3h-339pa-p-vrt-42335;/en/products/vortice-mp-454-t-axial-fan-450mm-6800m3h-339pa-p-vrt-42335;48;
VRT-42336;Vortice A-E 564 T;axial-industrial-fans;vortice;vortice-vort-industrial-ventilation-axial;vortice-aksiyel-endustriyel-fanlar;vortice-a-e-564-t-42336;;vortice-a-e-564-t-aksiyel-fan-560mm-9255m3h-285pa;vortice-a-e-564-t-axial-fan-560mm-9255m3h-285pa;/tr/urun/vortice-a-e-564-t-aksiyel-fan-560mm-9255m3h-285pa-p-vrt-42336;/en/products/vortice-a-e-564-t-axial-fan-560mm-9255m3h-285pa-p-vrt-42336;49;
VRT-42344;Vortice MP 504 T;axial-industrial-fans;vortice;vortice-vort-industrial-ventilation-axial;vortice-aksiyel-endustriyel-fanlar;vortice-mp-504-t-42344;;vortice-mp-504-t-aksiyel-fan-500mm-8800m3h-363pa;vortice-mp-504-t-axial-fan-500mm-8800m3h-363pa;/tr/urun/vortice-mp-504-t-aksiyel-fan-500mm-8800m3h-363pa-p-vrt-42344;/en/products/vortice-mp-504-t-axial-fan-500mm-8800m3h-363pa-p-vrt-42344;48;
VRT-42374;Vortice MP 604 T;axial-industrial-fans;vortice;vortice-vort-industrial-ventilation-axial;vortice-aksiyel-endustriyel-fanlar;vortice-mp-604-t-42374;;vortice-mp-604-t-aksiyel-fan-600mm-14500m3h-388pa;vortice-mp-604-t-axial-fan-600mm-14500m3h-388pa;/tr/urun/vortice-mp-604-t-aksiyel-fan-600mm-14500m3h-388pa-p-vrt-42374;/en/products/vortice-mp-604-t-axial-fan-600mm-14500m3h-388pa-p-vrt-42374;49;
VRT-43151;VORT QBK SAL KC EVO 315 M4 0,25kW;centrifugal-fans;vortice;vortice-vort-qbk-sal-kc-evo;vortice-vort-qbk-sal-kc-evo;vort-qbk-sal-kc-evo-315-m4-0-25kw-43151;;vortice-vort-qbk-sal-kc-evo-315-m4-0-25kw-radyal-fan;vortice-vort-qbk-sal-kc-evo-315-m4-0-25kw-centrifugal-fan;/tr/urun/vortice-vort-qbk-sal-kc-evo-315-m4-0-25kw-radyal-fan-p-vrt-43151;/en/products/vortice-vort-qbk-sal-kc-evo-315-m4-0-25kw-centrifugal-fan-p-vrt-43151;52;KELIME>10 deger-dustu kural2
VRT-43152;VORT QBK SAL KC EVO 315 T2 1,5 kW;centrifugal-fans;vortice;vortice-vort-qbk-sal-kc-evo;vortice-vort-qbk-sal-kc-evo;vort-qbk-sal-kc-evo-315-t2-1-5kw-43152;;vortice-vort-qbk-sal-kc-evo-315-t2-1-5kw-radyal-fan;vortice-vort-qbk-sal-kc-evo-315-t2-1-5kw-centrifugal-fan;/tr/urun/vortice-vort-qbk-sal-kc-evo-315-t2-1-5kw-radyal-fan-p-vrt-43152;/en/products/vortice-vort-qbk-sal-kc-evo-315-t2-1-5kw-centrifugal-fan-p-vrt-43152;51;KELIME>10 deger-dustu kural2
VRT-43153;VORT QBK SAL KC EVO 315 T4 0,25kW;centrifugal-fans;vortice;vortice-vort-qbk-sal-kc-evo;vortice-vort-qbk-sal-kc-evo;vort-qbk-sal-kc-evo-315-t4-0-25kw-43153;;vortice-vort-qbk-sal-kc-evo-315-t4-0-25kw-radyal-fan;vortice-vort-qbk-sal-kc-evo-315-t4-0-25kw-centrifugal-fan;/tr/urun/vortice-vort-qbk-sal-kc-evo-315-t4-0-25kw-radyal-fan-p-vrt-43153;/en/products/vortice-vort-qbk-sal-kc-evo-315-t4-0-25kw-centrifugal-fan-p-vrt-43153;52;KELIME>10 deger-dustu kural2
VRT-43154;VORT QBK SAL KC EVO 355 M4 0,25kW;centrifugal-fans;vortice;vortice-vort-qbk-sal-kc-evo;vortice-vort-qbk-sal-kc-evo;vort-qbk-sal-kc-evo-355-m4-0-25kw-43154;;vortice-vort-qbk-sal-kc-evo-355-m4-0-25kw-radyal-fan;vortice-vort-qbk-sal-kc-evo-355-m4-0-25kw-centrifugal-fan;/tr/urun/vortice-vort-qbk-sal-kc-evo-355-m4-0-25kw-radyal-fan-p-vrt-43154;/en/products/vortice-vort-qbk-sal-kc-evo-355-m4-0-25kw-centrifugal-fan-p-vrt-43154;52;KELIME>10 deger-dustu kural2
VRT-43155;VORT QBK SAL KC EVO 355 T4 0,25kW;centrifugal-fans;vortice;vortice-vort-qbk-sal-kc-evo;vortice-vort-qbk-sal-kc-evo;vort-qbk-sal-kc-evo-355-t4-0-25kw-43155;;vortice-vort-qbk-sal-kc-evo-355-t4-0-25kw-radyal-fan;vortice-vort-qbk-sal-kc-evo-355-t4-0-25kw-centrifugal-fan;/tr/urun/vortice-vort-qbk-sal-kc-evo-355-t4-0-25kw-radyal-fan-p-vrt-43155;/en/products/vortice-vort-qbk-sal-kc-evo-355-t4-0-25kw-centrifugal-fan-p-vrt-43155;52;KELIME>10 deger-dustu kural2
VRT-43156;VORT QBK SAL KC EVO 400 M4 0,55kW;centrifugal-fans;vortice;vortice-vort-qbk-sal-kc-evo;vortice-vort-qbk-sal-kc-evo;vort-qbk-sal-kc-evo-400-m4-0-55kw-43156;;vortice-vort-qbk-sal-kc-evo-400-m4-0-55kw-radyal-fan;vortice-vort-qbk-sal-kc-evo-400-m4-0-55kw-centrifugal-fan;/tr/urun/vortice-vort-qbk-sal-kc-evo-400-m4-0-55kw-radyal-fan-p-vrt-43156;/en/products/vortice-vort-qbk-sal-kc-evo-400-m4-0-55kw-centrifugal-fan-p-vrt-43156;52;KELIME>10 deger-dustu kural2
VRT-43157;VORT QBK SAL KC EVO 400 T4 0,55kW;centrifugal-fans;vortice;vortice-vort-qbk-sal-kc-evo;vortice-vort-qbk-sal-kc-evo;vort-qbk-sal-kc-evo-400-t4-0-55kw-43157;;vortice-vort-qbk-sal-kc-evo-400-t4-0-55kw-radyal-fan;vortice-vort-qbk-sal-kc-evo-400-t4-0-55kw-centrifugal-fan;/tr/urun/vortice-vort-qbk-sal-kc-evo-400-t4-0-55kw-radyal-fan-p-vrt-43157;/en/products/vortice-vort-qbk-sal-kc-evo-400-t4-0-55kw-centrifugal-fan-p-vrt-43157;52;KELIME>10 deger-dustu kural2
VRT-43158;VORT QBK SAL KC EVO 450 T4 1,1kW;centrifugal-fans;vortice;vortice-vort-qbk-sal-kc-evo;vortice-vort-qbk-sal-kc-evo;vort-qbk-sal-kc-evo-450-t4-1-1kw-43158;;vortice-vort-qbk-sal-kc-evo-450-t4-1-1kw-radyal-fan;vortice-vort-qbk-sal-kc-evo-450-t4-1-1kw-centrifugal-fan;/tr/urun/vortice-vort-qbk-sal-kc-evo-450-t4-1-1kw-radyal-fan-p-vrt-43158;/en/products/vortice-vort-qbk-sal-kc-evo-450-t4-1-1kw-centrifugal-fan-p-vrt-43158;51;KELIME>10 deger-dustu kural2
VRT-43159;VORT QBK SAL KC EVO 500 T4 1,5kW;centrifugal-fans;vortice;vortice-vort-qbk-sal-kc-evo;vortice-vort-qbk-sal-kc-evo;vort-qbk-sal-kc-evo-500-t4-1-5kw-43159;;vortice-vort-qbk-sal-kc-evo-500-t4-1-5kw-radyal-fan;vortice-vort-qbk-sal-kc-evo-500-t4-1-5kw-centrifugal-fan;/tr/urun/vortice-vort-qbk-sal-kc-evo-500-t4-1-5kw-radyal-fan-p-vrt-43159;/en/products/vortice-vort-qbk-sal-kc-evo-500-t4-1-5kw-centrifugal-fan-p-vrt-43159;51;KELIME>10 deger-dustu kural2
VRT-43160;VORT QBK SAL KC EVO 500 T6 0,55 kW;centrifugal-fans;vortice;vortice-vort-qbk-sal-kc-evo;vortice-vort-qbk-sal-kc-evo;vort-qbk-sal-kc-evo-500-t6-0-55kw-43160;;vortice-vort-qbk-sal-kc-evo-500-t6-0-55kw-radyal-fan;vortice-vort-qbk-sal-kc-evo-500-t6-0-55kw-centrifugal-fan;/tr/urun/vortice-vort-qbk-sal-kc-evo-500-t6-0-55kw-radyal-fan-p-vrt-43160;/en/products/vortice-vort-qbk-sal-kc-evo-500-t6-0-55kw-centrifugal-fan-p-vrt-43160;52;KELIME>10 deger-dustu kural2
VRT-43161;VORT QBK SAL KC EVO 560 T4 3kW;centrifugal-fans;vortice;vortice-vort-qbk-sal-kc-evo;vortice-vort-qbk-sal-kc-evo;vort-qbk-sal-kc-evo-560-t4-3kw-43161;;vortice-vort-qbk-sal-kc-evo-560-t4-3kw-radyal-fan;vortice-vort-qbk-sal-kc-evo-560-t4-3kw-centrifugal-fan;/tr/urun/vortice-vort-qbk-sal-kc-evo-560-t4-3kw-radyal-fan-p-vrt-43161;/en/products/vortice-vort-qbk-sal-kc-evo-560-t4-3kw-centrifugal-fan-p-vrt-43161;49;KELIME>10 deger-dustu kural2
VRT-43162;VORT QBK SAL KC EVO 560 T6 1,1 kW;centrifugal-fans;vortice;vortice-vort-qbk-sal-kc-evo;vortice-vort-qbk-sal-kc-evo;vort-qbk-sal-kc-evo-560-t6-1-1kw-43162;;vortice-vort-qbk-sal-kc-evo-560-t6-1-1kw-radyal-fan;vortice-vort-qbk-sal-kc-evo-560-t6-1-1kw-centrifugal-fan;/tr/urun/vortice-vort-qbk-sal-kc-evo-560-t6-1-1kw-radyal-fan-p-vrt-43162;/en/products/vortice-vort-qbk-sal-kc-evo-560-t6-1-1kw-centrifugal-fan-p-vrt-43162;51;KELIME>10 deger-dustu kural2
VRT-43163;VORT QBK SAL KC EVO 630 T4 5,5kW;centrifugal-fans;vortice;vortice-vort-qbk-sal-kc-evo;vortice-vort-qbk-sal-kc-evo;vort-qbk-sal-kc-evo-630-t4-5-5kw-43163;;vortice-vort-qbk-sal-kc-evo-630-t4-5-5kw-radyal-fan;vortice-vort-qbk-sal-kc-evo-630-t4-5-5kw-centrifugal-fan;/tr/urun/vortice-vort-qbk-sal-kc-evo-630-t4-5-5kw-radyal-fan-p-vrt-43163;/en/products/vortice-vort-qbk-sal-kc-evo-630-t4-5-5kw-centrifugal-fan-p-vrt-43163;51;KELIME>10 deger-dustu kural2
VRT-43164;VORT QBK SAL KC EVO 630 T6 1,5 kW;centrifugal-fans;vortice;vortice-vort-qbk-sal-kc-evo;vortice-vort-qbk-sal-kc-evo;vort-qbk-sal-kc-evo-630-t6-1-5kw-43164;;vortice-vort-qbk-sal-kc-evo-630-t6-1-5kw-radyal-fan;vortice-vort-qbk-sal-kc-evo-630-t6-1-5kw-centrifugal-fan;/tr/urun/vortice-vort-qbk-sal-kc-evo-630-t6-1-5kw-radyal-fan-p-vrt-43164;/en/products/vortice-vort-qbk-sal-kc-evo-630-t6-1-5kw-centrifugal-fan-p-vrt-43164;51;KELIME>10 deger-dustu kural2
VRT-43165;VORT QBK SAL KC EVO 315 T4/8 0,25/0,03kW;centrifugal-fans;vortice;vortice-vort-qbk-sal-kc-evo;vortice-vort-qbk-sal-kc-evo;vort-qbk-sal-kc-evo-315-t4-8-0-25-0-03kw-43165;;vortice-vort-qbk-sal-kc-evo-315-t4-8-0-25-0-03kw-radyal-fan;vortice-vort-qbk-sal-kc-evo-315-t4-8-0-25-0-03kw-centrifugal-fan;/tr/urun/vortice-vort-qbk-sal-kc-evo-315-t4-8-0-25-0-03kw-radyal-fan-p-vrt-43165;/en/products/vortice-vort-qbk-sal-kc-evo-315-t4-8-0-25-0-03kw-centrifugal-fan-p-vrt-43165;59;KELIME>10 deger-dustu kural2
VRT-43166;VORT QBK SAL KC EVO 355 T4/8 0,25/0,03kW;centrifugal-fans;vortice;vortice-vort-qbk-sal-kc-evo;vortice-vort-qbk-sal-kc-evo;vort-qbk-sal-kc-evo-355-t4-8-0-25-0-03kw-43166;;vortice-vort-qbk-sal-kc-evo-355-t4-8-0-25-0-03kw-radyal-fan;vortice-vort-qbk-sal-kc-evo-355-t4-8-0-25-0-03kw-centrifugal-fan;/tr/urun/vortice-vort-qbk-sal-kc-evo-355-t4-8-0-25-0-03kw-radyal-fan-p-vrt-43166;/en/products/vortice-vort-qbk-sal-kc-evo-355-t4-8-0-25-0-03kw-centrifugal-fan-p-vrt-43166;59;KELIME>10 deger-dustu kural2
VRT-43167;VORT QBK SAL KC EVO 400 T4/8 0,75/0,12kW;centrifugal-fans;vortice;vortice-vort-qbk-sal-kc-evo;vortice-vort-qbk-sal-kc-evo;vort-qbk-sal-kc-evo-400-t4-8-0-75-0-12kw-43167;;vortice-vort-qbk-sal-kc-evo-400-t4-8-0-75-0-12kw-radyal-fan;vortice-vort-qbk-sal-kc-evo-400-t4-8-0-75-0-12kw-centrifugal-fan;/tr/urun/vortice-vort-qbk-sal-kc-evo-400-t4-8-0-75-0-12kw-radyal-fan-p-vrt-43167;/en/products/vortice-vort-qbk-sal-kc-evo-400-t4-8-0-75-0-12kw-centrifugal-fan-p-vrt-43167;59;KELIME>10 deger-dustu kural2
VRT-43168;VORT QBK SAL KC EVO 450 T4/8 1,1/0,18kW;centrifugal-fans;vortice;vortice-vort-qbk-sal-kc-evo;vortice-vort-qbk-sal-kc-evo;vort-qbk-sal-kc-evo-450-t4-8-1-1-0-18kw-43168;;vortice-vort-qbk-sal-kc-evo-450-t4-8-1-1-0-18kw-radyal-fan;vortice-vort-qbk-sal-kc-evo-450-t4-8-1-1-0-18kw-centrifugal-fan;/tr/urun/vortice-vort-qbk-sal-kc-evo-450-t4-8-1-1-0-18kw-radyal-fan-p-vrt-43168;/en/products/vortice-vort-qbk-sal-kc-evo-450-t4-8-1-1-0-18kw-centrifugal-fan-p-vrt-43168;58;KELIME>10 deger-dustu kural2
VRT-43169;VORT QBK SAL KC EVO 500 T4/8 1,5/0,25kW;centrifugal-fans;vortice;vortice-vort-qbk-sal-kc-evo;vortice-vort-qbk-sal-kc-evo;vort-qbk-sal-kc-evo-500-t4-8-1-5-0-25kw-43169;;vortice-vort-qbk-sal-kc-evo-500-t4-8-1-5-0-25kw-radyal-fan;vortice-vort-qbk-sal-kc-evo-500-t4-8-1-5-0-25kw-centrifugal-fan;/tr/urun/vortice-vort-qbk-sal-kc-evo-500-t4-8-1-5-0-25kw-radyal-fan-p-vrt-43169;/en/products/vortice-vort-qbk-sal-kc-evo-500-t4-8-1-5-0-25kw-centrifugal-fan-p-vrt-43169;58;KELIME>10 deger-dustu kural2
VRT-43170;VORT QBK SAL KC EVO 560 T4/8 3/0,55kW;centrifugal-fans;vortice;vortice-vort-qbk-sal-kc-evo;vortice-vort-qbk-sal-kc-evo;vort-qbk-sal-kc-evo-560-t4-8-3-0-55kw-43170;;vortice-vort-qbk-sal-kc-evo-560-t4-8-3-0-55kw-radyal-fan;vortice-vort-qbk-sal-kc-evo-560-t4-8-3-0-55kw-centrifugal-fan;/tr/urun/vortice-vort-qbk-sal-kc-evo-560-t4-8-3-0-55kw-radyal-fan-p-vrt-43170;/en/products/vortice-vort-qbk-sal-kc-evo-560-t4-8-3-0-55kw-centrifugal-fan-p-vrt-43170;56;KELIME>10 deger-dustu kural2
VRT-43171;VORT QBK SAL KC EVO 630 T4/8 5,5/1,1kW;centrifugal-fans;vortice;vortice-vort-qbk-sal-kc-evo;vortice-vort-qbk-sal-kc-evo;vort-qbk-sal-kc-evo-630-t4-8-5-5-1-1kw-43171;;vortice-vort-qbk-sal-kc-evo-630-t4-8-5-5-1-1kw-radyal-fan;vortice-vort-qbk-sal-kc-evo-630-t4-8-5-5-1-1kw-centrifugal-fan;/tr/urun/vortice-vort-qbk-sal-kc-evo-630-t4-8-5-5-1-1kw-radyal-fan-p-vrt-43171;/en/products/vortice-vort-qbk-sal-kc-evo-630-t4-8-5-5-1-1kw-centrifugal-fan-p-vrt-43171;57;KELIME>10 deger-dustu kural2
VRT-61181;Vortice NORDIK HVLS HYPERBLADE 300/120 M SVT;industrial-ceiling-fans;vortice;vortice-vort-nordik-hvls;vortice-nordik-hvls-hyperblade;vortice-nordik-hvls-hyperblade-300-120-m-svt-61181;;vortice-nordik-hvls-hyperblade-300-120-m-svt-tavan-vantilatoru;vortice-nordik-hvls-hyperblade-300-120-m-svt-ceiling-fan;/tr/urun/vortice-nordik-hvls-hyperblade-300-120-m-svt-tavan-vantilatoru-p-vrt-61181;/en/products/vortice-nordik-hvls-hyperblade-300-120-m-svt-ceiling-fan-p-vrt-61181;62;deger-dustu tip-kisaldi
VRT-61182;Vortice NORDIK HVLS HYPERBLADE 400/160 M SVT;industrial-ceiling-fans;vortice;vortice-vort-nordik-hvls;vortice-nordik-hvls-hyperblade;vortice-nordik-hvls-hyperblade-400-160-m-svt-61182;;vortice-nordik-hvls-hyperblade-400-160-m-svt-tavan-vantilatoru;vortice-nordik-hvls-hyperblade-400-160-m-svt-ceiling-fan;/tr/urun/vortice-nordik-hvls-hyperblade-400-160-m-svt-tavan-vantilatoru-p-vrt-61182;/en/products/vortice-nordik-hvls-hyperblade-400-160-m-svt-ceiling-fan-p-vrt-61182;62;deger-dustu tip-kisaldi
VRT-61186;Vortice NORDIK HVLS HYPERBLADE 300/120 T SVT;industrial-ceiling-fans;vortice;vortice-vort-nordik-hvls;vortice-nordik-hvls-hyperblade;vortice-nordik-hvls-hyperblade-300-120-t-svt-61186;;vortice-nordik-hvls-hyperblade-300-120-t-svt-tavan-vantilatoru;vortice-nordik-hvls-hyperblade-300-120-t-svt-ceiling-fan;/tr/urun/vortice-nordik-hvls-hyperblade-300-120-t-svt-tavan-vantilatoru-p-vrt-61186;/en/products/vortice-nordik-hvls-hyperblade-300-120-t-svt-ceiling-fan-p-vrt-61186;62;deger-dustu tip-kisaldi
VRT-61187;Vortice NORDIK HVLS HYPERBLADE 400/160 T SVT;industrial-ceiling-fans;vortice;vortice-vort-nordik-hvls;vortice-nordik-hvls-hyperblade;vortice-nordik-hvls-hyperblade-400-160-t-svt-61187;;vortice-nordik-hvls-hyperblade-400-160-t-svt-tavan-vantilatoru;vortice-nordik-hvls-hyperblade-400-160-t-svt-ceiling-fan;/tr/urun/vortice-nordik-hvls-hyperblade-400-160-t-svt-tavan-vantilatoru-p-vrt-61187;/en/products/vortice-nordik-hvls-hyperblade-400-160-t-svt-ceiling-fan-p-vrt-61187;62;deger-dustu tip-kisaldi
VRT-61188;Vortice NORDIK HVLS HYPERBLADE 500/200 T SVT;industrial-ceiling-fans;vortice;vortice-vort-nordik-hvls;vortice-nordik-hvls-hyperblade;vortice-nordik-hvls-hyperblade-500-200-t-svt-61188;;vortice-nordik-hvls-hyperblade-500-200-t-svt-tavan-vantilatoru;vortice-nordik-hvls-hyperblade-500-200-t-svt-ceiling-fan;/tr/urun/vortice-nordik-hvls-hyperblade-500-200-t-svt-tavan-vantilatoru-p-vrt-61188;/en/products/vortice-nordik-hvls-hyperblade-500-200-t-svt-ceiling-fan-p-vrt-61188;62;deger-dustu tip-kisaldi
VRT-61189;Vortice NORDIK HVLS HYPERBLADE 600/240 T SVT;industrial-ceiling-fans;vortice;vortice-vort-nordik-hvls;vortice-nordik-hvls-hyperblade;vortice-nordik-hvls-hyperblade-600-240-t-svt-61189;;vortice-nordik-hvls-hyperblade-600-240-t-svt-tavan-vantilatoru;vortice-nordik-hvls-hyperblade-600-240-t-svt-ceiling-fan;/tr/urun/vortice-nordik-hvls-hyperblade-600-240-t-svt-tavan-vantilatoru-p-vrt-61189;/en/products/vortice-nordik-hvls-hyperblade-600-240-t-svt-ceiling-fan-p-vrt-61189;62;deger-dustu tip-kisaldi
VRT-61190;Vortice NORDIK HVLS HYPERBLADE 700/280 T SVT;industrial-ceiling-fans;vortice;vortice-vort-nordik-hvls;vortice-nordik-hvls-hyperblade;vortice-nordik-hvls-hyperblade-700-280-t-svt-61190;;vortice-nordik-hvls-hyperblade-700-280-t-svt-tavan-vantilatoru;vortice-nordik-hvls-hyperblade-700-280-t-svt-ceiling-fan;/tr/urun/vortice-nordik-hvls-hyperblade-700-280-t-svt-tavan-vantilatoru-p-vrt-61190;/en/products/vortice-nordik-hvls-hyperblade-700-280-t-svt-ceiling-fan-p-vrt-61190;62;deger-dustu tip-kisaldi
VRT-65155;Vortice Air Door H AD 900 M;electric-heated-air-curtains;vortice;vortice-h-ad-elektrikli;vortice-h-ad-elektrikli-isitmali-hava-perdeleri;vortice-air-door-h-ad-900-m-65155;;vortice-air-door-h-ad-900-m-hava-perdesi;vortice-air-door-h-ad-900-m-air-curtain;/tr/urun/vortice-air-door-h-ad-900-m-hava-perdesi-p-vrt-65155;/en/products/vortice-air-door-h-ad-900-m-air-curtain-p-vrt-65155;40;tip-kisaldi
VRT-65156;Vortice Air Door H AD 900 T;electric-heated-air-curtains;vortice;vortice-h-ad-elektrikli;vortice-h-ad-elektrikli-isitmali-hava-perdeleri;vortice-air-door-h-ad-900-t-65156;;vortice-air-door-h-ad-900-t-hava-perdesi;vortice-air-door-h-ad-900-t-air-curtain;/tr/urun/vortice-air-door-h-ad-900-t-hava-perdesi-p-vrt-65156;/en/products/vortice-air-door-h-ad-900-t-air-curtain-p-vrt-65156;40;tip-kisaldi
VRT-65157;Vortice Air Door H AD 1200 T;electric-heated-air-curtains;vortice;vortice-h-ad-elektrikli;vortice-h-ad-elektrikli-isitmali-hava-perdeleri;vortice-air-door-h-ad-1200-t-65157;;vortice-air-door-h-ad-1200-t-hava-perdesi;vortice-air-door-h-ad-1200-t-air-curtain;/tr/urun/vortice-air-door-h-ad-1200-t-hava-perdesi-p-vrt-65157;/en/products/vortice-air-door-h-ad-1200-t-air-curtain-p-vrt-65157;41;tip-kisaldi
VRT-65158;Vortice Air Door H AD 1500 T;electric-heated-air-curtains;vortice;vortice-h-ad-elektrikli;vortice-h-ad-elektrikli-isitmali-hava-perdeleri;vortice-air-door-ad-h-1500-t-65158;;vortice-air-door-h-ad-1500-t-hava-perdesi;vortice-air-door-h-ad-1500-t-air-curtain;/tr/urun/vortice-air-door-h-ad-1500-t-hava-perdesi-p-vrt-65158;/en/products/vortice-air-door-h-ad-1500-t-air-curtain-p-vrt-65158;41;tip-kisaldi
VRT-65195;Vortice Air Door AD 900;ambient-air-curtains;vortice;vortice-hava-perdesi;vortice-ad-ortam-havali-hava-perdeleri;vortice-air-door-ad-900-65195;;vortice-air-door-ad-900-ortam-havali-hava-perdesi;vortice-air-door-ad-900-ambient-air-curtain;/tr/urun/vortice-air-door-ad-900-ortam-havali-hava-perdesi-p-vrt-65195;/en/products/vortice-air-door-ad-900-ambient-air-curtain-p-vrt-65195;49;
VRT-65196;Vortice Air Door AD 1200;ambient-air-curtains;vortice;vortice-hava-perdesi;vortice-ad-ortam-havali-hava-perdeleri;vortice-air-door-ad-1200-65196;;vortice-air-door-ad-1200-ortam-havali-hava-perdesi;vortice-air-door-ad-1200-ambient-air-curtain;/tr/urun/vortice-air-door-ad-1200-ortam-havali-hava-perdesi-p-vrt-65196;/en/products/vortice-air-door-ad-1200-ambient-air-curtain-p-vrt-65196;50;
VRT-65197;Vortice Air Door AD 1500;ambient-air-curtains;vortice;vortice-hava-perdesi;vortice-ad-ortam-havali-hava-perdeleri;vortice-air-door-ad-1500-65197;;vortice-air-door-ad-1500-ortam-havali-hava-perdesi;vortice-air-door-ad-1500-ambient-air-curtain;/tr/urun/vortice-air-door-ad-1500-ortam-havali-hava-perdesi-p-vrt-65197;/en/products/vortice-air-door-ad-1500-ambient-air-curtain-p-vrt-65197;50;
VRT-65198;Vortice Air Door AD 2000;ambient-air-curtains;vortice;vortice-hava-perdesi;vortice-ad-ortam-havali-hava-perdeleri;vortice-air-door-ad-2000-65198;;vortice-air-door-ad-2000-ortam-havali-hava-perdesi;vortice-air-door-ad-2000-ambient-air-curtain;/tr/urun/vortice-air-door-ad-2000-ortam-havali-hava-perdesi-p-vrt-65198;/en/products/vortice-air-door-ad-2000-ambient-air-curtain-p-vrt-65198;50;
VRT-CA-IL-4020-ES-RECT;Vortice CA IL 4020 ES RECT;duct-fans;vortice;vortice-vort-commercial-in-line-rectangular;vortice-vort-commercial-in-line-dikdortgen-kanal-fanlari;vortice-ca-il-4020-es-rect;vortice-ca-il-4020-es-rect-16076;vortice-ca-il-4020-es-rect-kanal-tipi-fan-380pa;vortice-ca-il-4020-es-rect-inline-duct-fan-380pa;/tr/urun/vortice-ca-il-4020-es-rect-kanal-tipi-fan-380pa-p-vrt-ca-il-4020-es-rect;/en/products/vortice-ca-il-4020-es-rect-inline-duct-fan-380pa-p-vrt-ca-il-4020-es-rect;47;deger-dustu
VRT-CA-IL-5035-ES-RECT;Vortice CA IL 5035 ES RECT;duct-fans;vortice;vortice-vort-commercial-in-line-rectangular;vortice-vort-commercial-in-line-dikdortgen-kanal-fanlari;vortice-ca-il-5035-es-rect;vortice-ca-il-5035-es-rect-16077;vortice-ca-il-5035-es-rect-kanal-tipi-fan-440pa;vortice-ca-il-5035-es-rect-inline-duct-fan-440pa;/tr/urun/vortice-ca-il-5035-es-rect-kanal-tipi-fan-440pa-p-vrt-ca-il-5035-es-rect;/en/products/vortice-ca-il-5035-es-rect-inline-duct-fan-440pa-p-vrt-ca-il-5035-es-rect;47;deger-dustu
VRT-CA-IL-6040-ES-RECT;Vortice CA IL 6040 ES RECT;duct-fans;vortice;vortice-vort-commercial-in-line-rectangular;vortice-vort-commercial-in-line-dikdortgen-kanal-fanlari;vortice-ca-il-6040-es-rect;vortice-ca-il-6040-es-rect-16078;vortice-ca-il-6040-es-rect-kanal-tipi-fan-520pa;vortice-ca-il-6040-es-rect-inline-duct-fan-520pa;/tr/urun/vortice-ca-il-6040-es-rect-kanal-tipi-fan-520pa-p-vrt-ca-il-6040-es-rect;/en/products/vortice-ca-il-6040-es-rect-inline-duct-fan-520pa-p-vrt-ca-il-6040-es-rect;47;deger-dustu
VRT-CA-IL-7050-ES-RECT;Vortice CA IL 7050 ES RECT;duct-fans;vortice;vortice-vort-commercial-in-line-rectangular;vortice-vort-commercial-in-line-dikdortgen-kanal-fanlari;vortice-ca-il-7050-es-rect;vortice-ca-il-7050-es-rect-16079;vortice-ca-il-7050-es-rect-kanal-tipi-fan-600pa;vortice-ca-il-7050-es-rect-inline-duct-fan-600pa;/tr/urun/vortice-ca-il-7050-es-rect-kanal-tipi-fan-600pa-p-vrt-ca-il-7050-es-rect;/en/products/vortice-ca-il-7050-es-rect-inline-duct-fan-600pa-p-vrt-ca-il-7050-es-rect;47;deger-dustu
VRT-CA-IL-8060-ES-RECT;Vortice CA IL 8060 ES RECT;duct-fans;vortice;vortice-vort-commercial-in-line-rectangular;vortice-vort-commercial-in-line-dikdortgen-kanal-fanlari;vortice-ca-il-8060-es-rect;vortice-ca-il-8060-es-rect-16080;vortice-ca-il-8060-es-rect-kanal-tipi-fan-680pa;vortice-ca-il-8060-es-rect-inline-duct-fan-680pa;/tr/urun/vortice-ca-il-8060-es-rect-kanal-tipi-fan-680pa-p-vrt-ca-il-8060-es-rect;/en/products/vortice-ca-il-8060-es-rect-inline-duct-fan-680pa-p-vrt-ca-il-8060-es-rect;47;deger-dustu
